url,name/title,address,price,area,price-per-area,floor/store,no of floors/stores in the building,no of rooms,year of construction,parking space,market,form of ownership
"https://krakow.nieruchomosci-online.pl/mieszkanie,z-aneksem-kuchennym/24779595.html","Mieszkanie, ul. Żelechowskiego","Żelechowskiego, Bronowice, Kraków, małopolskie",889 000 zł,"51,70 m²","17 195,36 zł/m²",1,3.0,2,1980,tak,wtórny,własność
"https://krakow.nieruchomosci-online.pl/mieszkanie,z-oddzielna-kuchnia/24767866.html","Mieszkanie, ul. Raciborska","Raciborska, Ruczaj, Kraków, małopolskie",618 000 zł,40 m²,15 450 zł/m²,2,3.0,2,2000,garaż,wtórny,własność
"https://krakow.nieruchomosci-online.pl/mieszkanie,m3,z-oddzielna-kuchnia/24745285.html",Mieszkanie,"Felińskiego, Górka Narodowa, Kraków, małopolskie",899 000 zł,"74,17 m²","12 120,80 zł/m²",2,5.0,3,2003,parking publiczny / na ulicy,wtórny,
"https://krakow.nieruchomosci-online.pl/mieszkanie,z-aneksem-kuchennym/24787624.html",Mieszkanie Kraków,"Wzgórza Kzresławickie, Wzgórza Krzesławickie, Kraków, małopolskie",1 049 000 zł,157 m²,"6 681,53 zł/m²",1,2.0,5,2023,garaż w bryle budynku,pierwotny (zobacz inne nowe mieszkania w Krakowie),"własność, księga wieczysta"
"https://krakow.nieruchomosci-online.pl/mieszkanie-w-apartamentowcu,deweloperski,przy-lesie/24660916.html","Apartament, ul. Przybyszewskiego","Przybyszewskiego 64d, Bronowice, Kraków, małopolskie",1 225 000 zł,"62,40 m²","19 631,41 zł/m²",7,9.0,3,2021,w garażu podziemnym,wtórny,"własność, księga wieczysta"
"https://krakow.nieruchomosci-online.pl/mieszkanie-w-bloku-mieszkalnym,do-odswiezenia/24672444.html",Mieszkanie,"Osiedle Kalinowe, Bieńczyce, Kraków, małopolskie",486 000 zł,"36,06 m²","13 477,54 zł/m²",4,10.0,2,1970,tak,wtórny,"własność, księga wieczysta"
"https://krakow.nieruchomosci-online.pl/mieszkanie,nad-rzeka/24771570.html","Mieszkanie, ul. Wygoda","Wygoda, Stare Miasto, Kraków, małopolskie",1 200 000 zł,73 m²,"16 438,36 zł/m²",1,3.0,3,1972,garaż,wtórny,własność
"https://krakow.nieruchomosci-online.pl/mieszkanie,m4,z-aneksem-kuchennym/24502822.html",Apartament,"Hamernia, Wola Justowska, Kraków, małopolskie",1 481 000 zł,"84,63 m²","17 499,70 zł/m²",1,1.0,4,2024,garaż,pierwotny (zobacz inne nowe mieszkania w Krakowie),
"https://krakow.nieruchomosci-online.pl/mieszkanie,m2,z-aneksem-kuchennym/24720364.html",Mieszkanie Kraków,"Bieżanów, Kraków, małopolskie",460 000 zł,"37,29 m²","12 335,75 zł/m²",3,4.0,2,2024,tak,pierwotny (zobacz inne nowe mieszkania w Krakowie),
"https://krakow.nieruchomosci-online.pl/mieszkanie,m3,z-oddzielna-kuchnia/24750722.html","Mieszkanie, ul. Jadźwingów","Jadźwingów, Mistrzejowice, Kraków, małopolskie",730 000 zł,57 m²,"12 807,02 zł/m²",4,4.0,3,1974,parking publiczny / na ulicy,wtórny,
"https://krakow.nieruchomosci-online.pl/mieszkanie,z-aneksem-kuchennym/24751023.html","Mieszkanie, ul. Sosnowiecka","Sosnowiecka, Prądnik Biały, Kraków, małopolskie",799 000 zł,"54,04 m²","14 785,34 zł/m²",2,3.0,3,2014,w garażu podziemnym,wtórny,"własność, księga wieczysta"
"https://krakow.nieruchomosci-online.pl/mieszkanie,m2,z-oddzielna-kuchnia/24740801.html","Mieszkanie, Osiedle Centrum B","Osiedle Centrum B, Centrum B, Kraków, małopolskie",515 000 zł,"37,06 m²","13 896,38 zł/m²",5,7.0,2,1957,parking publiczny / na ulicy,wtórny,własność
"https://krakow.nieruchomosci-online.pl/nowe-mieszkanie,piaskowa-apartamenty/24192767.html?2%2Cmieszkanie","Nowe mieszkanie Bronowice Wielkie, ul. Piaskowa 43",,1 106 908 zł,"91,48 m²",12 100 zł/m²,oddana do użytku,,1,4,naziemne,"IV kwartał 2022, oddana do użytku",pierwotny (oferta dewelopera)
"https://krakow.nieruchomosci-online.pl/mieszkanie,m2,z-aneksem-kuchennym/24768108.html","Apartament, ul. Pachońskiego","Pachońskiego, Prądnik Biały, Kraków, małopolskie",775 000 zł,"48,62 m²","15 939,94 zł/m²",1,7.0,2,2018,w garażu podziemnym,wtórny,
"https://krakow.nieruchomosci-online.pl/mieszkanie-w-apartamentowcu,wysoki-standard,nad-rzeka/24707680.html","Apartament, ul. Rejtana","Rejtana 4, Stare Podgórze, Kraków, małopolskie",850 000 zł,"30,45 m²","27 914,61 zł/m²",2,5.0,1,2011,parking strzeżony w pobliżu,wtórny,"własność, księga wieczysta"
"https://krakow.nieruchomosci-online.pl/mieszkanie,z-aneksem-kuchennym/24470221.html","Kawalerka, ul. Szlak","Szlak, Stare Miasto, Kraków, małopolskie",379 000 zł,"19,80 m²","19 141,41 zł/m²",parter,3.0,1,1908,parking publiczny / na ulicy,wtórny,
"https://krakow.nieruchomosci-online.pl/mieszkanie,z-kuchnia-z-oknem/24434695.html","Apartament, ul. Buszka","Buszka, Krowodrza, Kraków, małopolskie",9 500 000 zł,"442,20 m²","21 483,49 zł/m²",4,4.0,5,2017,w garażu podziemnym,wtórny,"własność, księga wieczysta"
"https://krakow.nieruchomosci-online.pl/mieszkanie,na-sprzedaz/24602556.html","Mieszkanie, ul. Masarska","Masarska, Grzegórzki, Kraków, małopolskie",1 364 000 zł,"61,12 m²","22 316,75 zł/m²",2,5.0,3,2023,garaż wolnostojący,wtórny,"własność, księga wieczysta"
"https://krakow.nieruchomosci-online.pl/mieszkanie-w-apartamentowcu,wysoki-standard/24741764.html",Apartament,"Szwedzka, Dębniki, Kraków, małopolskie",1 650 000 zł,"85,41 m²","19 318,58 zł/m²",3,4.0,3,1997,garaż,wtórny,
"https://krakow.nieruchomosci-online.pl/mieszkanie,z-aneksem-kuchennym/24578927.html","Mieszkanie, ul. Dębskiego","Dębskiego, Swoszowice, Kraków, małopolskie",690 000 zł,"48,74 m²","14 156,75 zł/m²",3,3.0,2,2019,parking strzeżony w pobliżu,wtórny,własność
"https://krakow.nieruchomosci-online.pl/mieszkanie,m2,z-oddzielna-kuchnia/24717955.html","Mieszkanie, Osiedle Jagiellońskie","Osiedle Jagiellońskie, Bieńczyce, Kraków, małopolskie",479 000 zł,38 m²,"12 605,26 zł/m²",1,4.0,2,1974,-,wtórny,własność
"https://krakow.nieruchomosci-online.pl/nowe-mieszkanie,dluga-residence/23882806.html?2%2Cmieszkanie","Nowe mieszkanie Kleparz, ul. Długa 24",,,"57,45 m²",,luty 2024,,4,3,garaż,dostępne,
"https://krakow.nieruchomosci-online.pl/mieszkanie,kawalerka,z-aneksem-kuchennym/24663707.html","Apartament, ul. Praska","Praska, Dębniki, Kraków, małopolskie",910 000 zł,"46,20 m²","19 696,97 zł/m²",2,3.0,1,2014,parking publiczny / na ulicy,wtórny,
"https://krakow.nieruchomosci-online.pl/mieszkanie,m2,z-oddzielna-kuchnia/24748111.html","Mieszkanie, ul. Raciborska","Raciborska, Ruczaj, Kraków, małopolskie",619 000 zł,"35,62 m²","17 377,88 zł/m²",2,3.0,2,2000,-,wtórny,
"https://krakow.nieruchomosci-online.pl/mieszkanie,z-oddzielna-kuchnia/24780073.html",Apartament,"Stojałowskiego, Dzielnica XI Podgórze Duchackie, Kraków, małopolskie",699 000 zł,"52,80 m²","13 238,64 zł/m²",2,4.0,2,2000,parking publiczny / na ulicy,wtórny,spółdzielcze własnościowe
"https://krakow.nieruchomosci-online.pl/mieszkanie,m2,z-oddzielna-kuchnia/24684940.html","Mieszkanie, ul. Soroki","Soroki, Dębniki, Kraków, małopolskie",720 000 zł,"53,22 m²","13 528,75 zł/m²",parter,2.0,2,2000,tak,wtórny,własność
"https://krakow.nieruchomosci-online.pl/mieszkanie,kawalerka,z-oddzielna-kuchnia/24703279.html","Kawalerka, ul. Jana","Jana, Śródmieście, Kraków, małopolskie",550 000 zł,"21,36 m²","25 749,06 zł/m²",suterena,4.0,1,1900,parking publiczny / na ulicy,wtórny,własność
"https://krakow.nieruchomosci-online.pl/mieszkanie,m4,z-kuchnia-z-oknem/24783501.html","Apartament, ul. Poznańska","Poznańska, Krowodrza, Kraków, małopolskie",2 544 000 zł,124 m²,20 516 zł/m²,4,5.0,4,2010,-,wtórny,
"https://krakow.nieruchomosci-online.pl/mieszkanie,z-aneksem-kuchennym/24771931.html","Mieszkanie, Osiedle Jagiellońskie","Osiedle Jagiellońskie, Bieńczyce, Kraków, małopolskie",539 000 zł,38 m²,"14 184,21 zł/m²",4,4.0,2,1975,parking strzeżony w pobliżu,wtórny,
"https://krakow.nieruchomosci-online.pl/mieszkanie,m2,z-kuchnia-z-oknem/24783108.html","Mieszkanie, ul. Stacyjna","Stacyjna, Bieżanów, Kraków, małopolskie",670 000 zł,"46,93 m²","14 276,58 zł/m²",1,2.0,2,-,-,,
"https://krakow.nieruchomosci-online.pl/mieszkanie,m2,z-kuchnia-z-oknem/24770700.html","Mieszkanie, ul. Cystersów","Cystersów, Grzegórzki, Kraków, małopolskie",710 000 zł,42 m²,"16 904,76 zł/m²",8,9.0,2,1970,tak,wtórny,"własność, księga wieczysta"
"https://krakow.nieruchomosci-online.pl/mieszkanie,na-sprzedaz/24768307.html","Mieszkanie, ul. Borkowska","Borkowska, Kliny, Kraków, małopolskie",875 000 zł,67 m²,"13 059,70 zł/m²",1,3.0,3,2007,-,wtórny,własność
"https://krakow.nieruchomosci-online.pl/mieszkanie,na-sprzedaz/24716068.html",Mieszkanie,"Felińskiego, Prądnik Biały, Kraków, małopolskie",699 000 zł,"50,21 m²","13 921,53 zł/m²",parter,4.0,2,2012,-,wtórny,własność
"https://krakow.nieruchomosci-online.pl/mieszkanie-w-bloku-mieszkalnym,wysoki-standard/24708349.html","Mieszkanie, ul. Zagrodzkiego","Zagrodzkiego, Ruczaj, Kraków, małopolskie",725 000 zł,"55,98 m²","12 951,05 zł/m²",2,3.0,2,2008,parking publiczny / na ulicy,wtórny,
"https://krakow.nieruchomosci-online.pl/mieszkanie,z-kuchnia-z-oknem/24709891.html","Mieszkanie, Osiedle Spółdzielcze","Osiedle Spółdzielcze, Nowa Huta, Kraków, małopolskie",650 000 zł,"54,52 m²","11 922,23 zł/m²",3,4.0,2,1950,-,wtórny,"własność, księga wieczysta"
"https://krakow.nieruchomosci-online.pl/mieszkanie-w-bloku-mieszkalnym,do-odswiezenia/24695559.html","Mieszkanie, ul. Dauna","Dauna, Wola Duchacka, Kraków, małopolskie",699 000 zł,"52,20 m²","13 390,80 zł/m²",parter,4.0,2,1984,-,wtórny,własność
"https://krakow.nieruchomosci-online.pl/mieszkanie,m4,z-aneksem-kuchennym/24797101.html","Mieszkanie, ul. Rzemieślnicza","Rzemieślnicza, Dzielnica XIII Podgórze, Kraków, małopolskie",939 000 zł,"56,08 m²","16 743,94 zł/m²",2,4.0,4,2024,garaż wolnostojący,pierwotny (zobacz inne nowe mieszkania w Krakowie),własność
"https://krakow.nieruchomosci-online.pl/mieszkanie,m3,z-aneksem-kuchennym/24797259.html",Apartament,"Piastowska, Krowodrza, Kraków, małopolskie",1 545 000 zł,82 m²,"18 841,46 zł/m²",2,3.0,3,2023,w garażu podziemnym,pierwotny (zobacz inne nowe mieszkania w Krakowie),"własność, księga wieczysta"
"https://krakow.nieruchomosci-online.pl/mieszkanie,m2,z-aneksem-kuchennym/24796114.html","Mieszkanie, ul. Spółdzielców","Spółdzielców, Podgórze, Kraków, małopolskie",510 000 zł,"33,89 m²","15 048,69 zł/m²",4,4.0,2,-,tak,wtórny,własność
"https://krakow.nieruchomosci-online.pl/mieszkanie,m4,z-aneksem-kuchennym/24795827.html","Mieszkanie, ul. Sławka","Sławka, Bonarka, Kraków, małopolskie",999 000 zł,"68,83 m²","14 514,02 zł/m²",5,8.0,4,2023,w garażu podziemnym,pierwotny (zobacz inne nowe mieszkania w Krakowie),
"https://krakow.nieruchomosci-online.pl/mieszkanie,m2,z-aneksem-kuchennym/24796387.html",Mieszkanie,"Rydlówka, Dzielnica XIII Podgórze, Kraków, małopolskie",777 438 zł,"42,41 m²","18 331,48 zł/m²",parter,4.0,2,2024,przynależne na ulicy,pierwotny (zobacz inne nowe mieszkania w Krakowie),własność
"https://krakow.nieruchomosci-online.pl/mieszkanie,m2,z-aneksem-kuchennym/24796686.html",Mieszkanie,"Rydlówka, Dzielnica XIII Podgórze, Kraków, małopolskie",640 984 zł,"32,48 m²","19 734,73 zł/m²",4,4.0,2,2024,przynależne na ulicy,pierwotny (zobacz inne nowe mieszkania w Krakowie),własność
"https://krakow.nieruchomosci-online.pl/nowe-mieszkanie,tertio-zapolskiej/24537815.html?2%2Cmieszkanie","Nowe mieszkanie Bronowice Małe Wschód, ul. Gabrieli Zapolskiej",,1 150 390 zł,"56,95 m²",20 200 zł/m²,IV kwartał 2025,,2,3,garaż,IV kwartał 2025,pierwotny (oferta dewelopera)
"https://krakow.nieruchomosci-online.pl/mieszkanie,m2,z-aneksem-kuchennym/24796917.html","Mieszkanie, ul. Rydlówka","Rydlówka, Stare Podgórze, Kraków, małopolskie",829 500 zł,"47,70 m²","17 389,94 zł/m²",parter,5.0,2,2024,parking publiczny / na ulicy,pierwotny (zobacz inne nowe mieszkania w Krakowie),
"https://krakow.nieruchomosci-online.pl/mieszkanie,m2,z-aneksem-kuchennym/24796132.html","Mieszkanie, ul. Felińskiego","Felińskiego, Górka Narodowa, Kraków, małopolskie",689 000 zł,45 m²,"15 311,11 zł/m²",2,4.0,2,2012,tak,wtórny,"własność, księga wieczysta"
"https://krakow.nieruchomosci-online.pl/nowe-mieszkanie,willa-zalesie/24490236.html?2%2Cmieszkanie","Nowe mieszkanie Ruczaj, ul. Kobierzyńska 145",,643 072 zł,"37,83 m²",16 999 zł/m²,IV kwartał 2025,,2,2,-,IV kwartał 2025,pierwotny (oferta dewelopera)
"https://krakow.nieruchomosci-online.pl/nowe-mieszkanie,willa-zalesie/24490260.html?2%2Cmieszkanie","Nowe mieszkanie Ruczaj, ul. Kobierzyńska 145",,906 440 zł,"58,48 m²",15 500 zł/m²,IV kwartał 2025,,1,3,-,IV kwartał 2025,pierwotny (oferta dewelopera)
"https://krakow.nieruchomosci-online.pl/mieszkanie,z-aneksem-kuchennym/24794353.html","Mieszkanie, ul. Okulickiego","Okulickiego, Bieńczyce, Kraków, małopolskie",649 900 zł,"48,50 m²",13 400 zł/m²,6,8.0,2,2008,tak,wtórny,własność
"https://krakow.nieruchomosci-online.pl/mieszkanie,z-aneksem-kuchennym/24794600.html","Mieszkanie, ul. Banacha","Banacha, Górka Narodowa, Kraków, małopolskie",886 000 zł,"55,42 m²","15 987,01 zł/m²",1,5.0,3,2018,tak,wtórny,własność
"https://krakow.nieruchomosci-online.pl/mieszkanie-w-apartamentowcu,deweloperski/24794657.html",Apartament,"Piastowska, Krowodrza, Kraków, małopolskie",2 030 000 zł,97 m²,"20 927,84 zł/m²",parter,3.0,4,2023,w garażu podziemnym,pierwotny (zobacz inne nowe mieszkania w Krakowie),własność
"https://krakow.nieruchomosci-online.pl/nowe-mieszkanie,u-przybyszewskiego-etap-3/24133547.html?2%2Cmieszkanie","Nowe mieszkanie Małe Błonia, ul. Brązownicza 12",,1 385 022 zł,"77,16 m²",17 950 zł/m²,oddana do użytku,,1,3,garaż,"III kwartał 2023, oddana do użytku",pierwotny (oferta dewelopera)
"https://krakow.nieruchomosci-online.pl/mieszkanie,z-oddzielna-kuchnia/24794864.html","Mieszkanie, ul. Obrońców Krzyża","Obrońców Krzyża, Nowa Huta, Kraków, małopolskie",620 000 zł,"55,67 m²",11 137 zł/m²,parter,10.0,3,1970,tak,wtórny,własność
"https://krakow.nieruchomosci-online.pl/mieszkanie,m3,z-aneksem-kuchennym/24793728.html","Apartament, ul. Pachońskiego","Pachońskiego, Krowodrza, Kraków, małopolskie",990 000 zł,45 m²,22 000 zł/m²,1,6.0,3,2023,garaż,wtórny,własność
"https://krakow.nieruchomosci-online.pl/mieszkanie,z-aneksem-kuchennym/24793653.html","Mieszkanie, ul. Lublańska","Lublańska, Prądnik Czerwony, Kraków, małopolskie",750 000 zł,39 m²,"19 230,77 zł/m²",parter,4.0,2,-,w garażu podziemnym,wtórny,
"https://krakow.nieruchomosci-online.pl/mieszkanie,nad-rzeka/24794109.html",Mieszkanie,"Osiedle Willowe, Nowa Huta, Kraków, małopolskie",465 000 zł,"30,76 m²","15 117,04 zł/m²",1,3.0,1,1950,tak,wtórny,własność
"https://krakow.nieruchomosci-online.pl/mieszkanie,m2,z-aneksem-kuchennym/24794111.html",Mieszkanie,"Zabłocie, Zabłocie, Kraków, małopolskie",999 999 zł,"42,12 m²","23 741,67 zł/m²",5,5.0,2,2018,parking publiczny / na ulicy,wtórny,własność
"https://krakow.nieruchomosci-online.pl/mieszkanie,kawalerka,z-aneksem-kuchennym/24790920.html",Kawalerka,"Domagały, Dzielnica XII Bieżanów-Prokocim, Kraków, małopolskie",530 000 zł,27 m²,19 630 zł/m²,3,4.0,1,2023,przynależne na terenie ogrodzonym,wtórny,
"https://krakow.nieruchomosci-online.pl/mieszkanie-w-bloku-mieszkalnym,deweloperski/24791577.html",Mieszkanie Kraków,"Dzielnica VI Bronowice, Kraków, małopolskie",784 492 zł,"45,68 m²","17 173,64 zł/m²",1,2.0,2,2023,wiata garażowa,pierwotny (zobacz inne nowe mieszkania w Krakowie),
"https://krakow.nieruchomosci-online.pl/mieszkanie,m2,z-aneksem-kuchennym/24792145.html","Mieszkanie, ul. Banacha","Banacha, Górka Narodowa, Kraków, małopolskie",594 000 zł,35 m²,"16 971,43 zł/m²",2,5.0,2,2023,parking publiczny / na ulicy,pierwotny (zobacz inne nowe mieszkania w Krakowie),
"https://krakow.nieruchomosci-online.pl/mieszkanie,m4,z-oddzielna-kuchnia/24789095.html","Mieszkanie, ul. Krowoderska","Krowoderska, Stare Miasto, Kraków, małopolskie",2 200 000 zł,"133,35 m²",16 497 zł/m²,3,3.0,4,1914,parking publiczny / na ulicy,wtórny,własność
"https://krakow.nieruchomosci-online.pl/mieszkanie,m2,z-kuchnia-z-oknem/24789059.html","Apartament, ul. Kościuszki","Kościuszki, Salwator, Kraków, małopolskie",1 500 000 zł,52 m²,"28 846,15 zł/m²",1,4.0,2,2023,garaż wolnostojący,wtórny,własność
"https://krakow.nieruchomosci-online.pl/mieszkanie,z-aneksem-kuchennym/24789179.html","Mieszkanie, ul. Vetulaniego","Vetulaniego, Prądnik Biały, Kraków, małopolskie",758 000 zł,"47,26 m²","16 038,93 zł/m²",5,7.0,3,2023,w garażu podziemnym,wtórny,
"https://krakow.nieruchomosci-online.pl/mieszkanie,m2,z-aneksem-kuchennym/24789355.html","Mieszkanie, ul. Siewna","Siewna, Prądnik Biały, Kraków, małopolskie",750 000 zł,43 m²,"17 441,86 zł/m²",2,6.0,2,2022,-,wtórny,"własność, księga wieczysta"
"https://krakow.nieruchomosci-online.pl/mieszkanie,na-sprzedaz/24789266.html","Mieszkanie, ul. Kiełkowskiego","Kiełkowskiego, Zabłocie, Kraków, małopolskie",1 149 000 zł,"66,13 m²","17 374,87 zł/m²",parter,3.0,3,2023,w garażu podziemnym,wtórny,
"https://krakow.nieruchomosci-online.pl/mieszkanie,m3,z-aneksem-kuchennym/24789471.html","Mieszkanie, ul. Rydygiera","Rydygiera, Prokocim, Kraków, małopolskie",970 000 zł,60 m²,"16 166,67 zł/m²",parter,7.0,3,2004,parking publiczny / na ulicy,wtórny,
"https://krakow.nieruchomosci-online.pl/mieszkanie-w-domu-wielorodzinnym,deweloperski/22748560.html","Mieszkanie, ul. Stare Wiślisko","Stare Wiślisko, Nowa Huta, Kraków, małopolskie",1 108 935 zł,95 m²,11 673 zł/m²,1,1.0,5,2024,w garażu podziemnym,pierwotny (zobacz inne nowe mieszkania w Krakowie),"własność, księga wieczysta"
"https://krakow.nieruchomosci-online.pl/mieszkanie-w-bloku-mieszkalnym,przy-lesie/24787389.html","Mieszkanie, ul. Siewna","Siewna, Prądnik Biały, Kraków, małopolskie",749 000 zł,52 m²,14 404 zł/m²,4,4.0,3,1982,tak,wtórny,własność
"https://krakow.nieruchomosci-online.pl/mieszkanie,nad-rzeka/24786628.html",Kawalerka Kraków,"Kazimierz, Kraków, małopolskie",595 000 zł,23 m²,"25 869,57 zł/m²",1,3.0,1,1950,-,wtórny,własność
"https://krakow.nieruchomosci-online.pl/mieszkanie,z-kuchnia-w-zabudowie/24786881.html","Apartament, ul. Piltza","Piltza, Ruczaj, Kraków, małopolskie",800 000 zł,"54,38 m²","14 711,29 zł/m²",2,5.0,2,2017,-,wtórny,
"https://krakow.nieruchomosci-online.pl/mieszkanie,z-oddzielna-kuchnia/24786802.html","Mieszkanie, ul. Długa","Długa, Kleparz, Kraków, małopolskie",1 250 000 zł,70 m²,"17 857,14 zł/m²",3,4.0,2,1937,-,wtórny,"własność, księga wieczysta"
"https://krakow.nieruchomosci-online.pl/mieszkanie,z-oddzielna-kuchnia/24786009.html",Mieszkanie Kraków,"Wzgórza Krzesławickie, Kraków, małopolskie",475 000 zł,36 m²,"13 194,44 zł/m²",3,4.0,2,1980,-,wtórny,
"https://krakow.nieruchomosci-online.pl/mieszkanie,z-aneksem-kuchennym/24623282.html","Apartament, ul. Rakowicka","Rakowicka, Stare Miasto, Kraków, małopolskie",529 999 zł,"25,15 m²","21 073,52 zł/m²",parter,6.0,1,2024,możliwość wykupienia,wtórny,"własność, księga wieczysta"
"https://krakow.nieruchomosci-online.pl/mieszkanie-w-bloku-mieszkalnym,do-odswiezenia/24777413.html","Kawalerka, ul. Witkowicka","Witkowicka, Prądnik Biały, Kraków, małopolskie",399 000 zł,"21,27 m²","18 758,82 zł/m²",parter,2.0,1,2013,-,wtórny,"własność, księga wieczysta"
"https://krakow.nieruchomosci-online.pl/mieszkanie,na-sprzedaz/24754978.html","Mieszkanie, ul. Rakowicka","Rakowicka, Śródmieście, Kraków, małopolskie",902 000 zł,"33,02 m²","27 316,78 zł/m²",4,5.0,2,2020,-,wtórny,
"https://krakow.nieruchomosci-online.pl/mieszkanie,m4,nad-rzeka/24502819.html",Apartament,"Królowej Jadwigi, Wola Justowska, Kraków, małopolskie",1 536 000 zł,"83,06 m²","18 492,66 zł/m²",parter,1.0,4,2024,garaż,pierwotny (zobacz inne nowe mieszkania w Krakowie),
"https://krakow.nieruchomosci-online.pl/mieszkanie,m4,z-kuchnia-z-oknem/24755649.html",Mieszkanie Kraków,"Kraków, małopolskie",1 500 000 zł,"87,66 m²","17 111,57 zł/m²",5,5.0,4,1957,parking publiczny / na ulicy,wtórny,
"https://krakow.nieruchomosci-online.pl/mieszkanie,m2,z-aneksem-kuchennym/24750720.html","Mieszkanie, ul. Łepkowskiego","Łepkowskiego, Prądnik Czerwony, Kraków, małopolskie",680 688 zł,"41,76 m²",16 300 zł/m²,4,6.0,2,2026,w garażu podziemnym,pierwotny (zobacz inne nowe mieszkania w Krakowie),własność
"https://krakow.nieruchomosci-online.pl/mieszkanie,na-sprzedaz/23868637.html","Mieszkanie, ul. Borowego","Borowego, Wola Justowska, Kraków, małopolskie",1 250 000 zł,59 m²,"21 186,44 zł/m²",1,,2,2014,przynależne na terenie ogrodzonym,wtórny,"własność, księga wieczysta"
"https://krakow.nieruchomosci-online.pl/mieszkanie,kawalerka,z-aneksem-kuchennym/24776408.html","Kawalerka, ul. Agatowa","Agatowa, Złocień, Kraków, małopolskie",399 000 zł,"25,76 m²","15 489,13 zł/m²",1,4.0,1,2023,garaż w bryle budynku,pierwotny (zobacz inne nowe mieszkania w Krakowie),
"https://krakow.nieruchomosci-online.pl/mieszkanie,z-aneksem-kuchennym/24178189.html","Mieszkanie, ul. Piaskowa","Piaskowa, Krowodrza, Kraków, małopolskie",1 106 908 zł,"91,48 m²",12 100 zł/m²,1,2.0,5,2022,garaż w bryle budynku,pierwotny (zobacz inne nowe mieszkania w Krakowie),"własność, księga wieczysta"
"https://krakow.nieruchomosci-online.pl/mieszkanie,z-kuchnia-z-oknem/24785078.html","Mieszkanie, ul. Raciborska","Raciborska, Ruczaj, Kraków, małopolskie",724 000 zł,58 m²,"12 482,76 zł/m²",2,3.0,2,2002,garaż,wtórny,własność
"https://krakow.nieruchomosci-online.pl/mieszkanie,m3,z-aneksem-kuchennym/24777472.html","Mieszkanie, ul. Magnolii","Magnolii, Ruczaj, Kraków, małopolskie",804 714 zł,"56,67 m²",14 200 zł/m²,2,3.0,3,2024,w garażu podziemnym,pierwotny (zobacz inne nowe mieszkania w Krakowie),
"https://krakow.nieruchomosci-online.pl/mieszkanie,m3,z-aneksem-kuchennym/24723572.html",Mieszkanie,"Wielicka, Dzielnica XIII Podgórze, Kraków, małopolskie",735 000 zł,"45,50 m²","16 153,85 zł/m²",parter,4.0,3,1980,tak,wtórny,własność
"https://krakow.nieruchomosci-online.pl/mieszkanie,na-sprzedaz/24712423.html","Mieszkanie, ul. Pana Tadeusza","Pana Tadeusza, Zabłocie, Kraków, małopolskie",790 275 zł,"38,55 m²",20 500 zł/m²,5,,2,2024,garaż,pierwotny (zobacz inne nowe mieszkania w Krakowie),
"https://krakow.nieruchomosci-online.pl/mieszkanie,m4,nad-rzeka/24603252.html","Apartament, ul. Władysława Łokietka","Władysława Łokietka, Prądnik Biały, Kraków, małopolskie",1 100 000 zł,"82,48 m²","13 336,57 zł/m²",parter,2.0,4,2023,przynależne na terenie ogrodzonym,pierwotny (zobacz inne nowe mieszkania w Krakowie),"własność, księga wieczysta"
"https://krakow.nieruchomosci-online.pl/mieszkanie-w-bloku-mieszkalnym,wysoki-standard/24784443.html","Mieszkanie, ul. Vetulaniego","Vetulaniego, Prądnik Biały, Kraków, małopolskie",950 000 zł,"54,83 m²","17 326,28 zł/m²",4,7.0,3,2023,przynależne na ulicy,wtórny,własność
"https://krakow.nieruchomosci-online.pl/mieszkanie,na-sprzedaz/24614091.html","Mieszkanie, ul. Domagały","Domagały, Złocień, Kraków, małopolskie",760 000 zł,49 m²,"15 510,20 zł/m²",3,4.0,3,2022,przynależne na ulicy,wtórny,
"https://krakow.nieruchomosci-online.pl/mieszkanie,na-sprzedaz/24637082.html",Mieszkanie,"Jerzmanowskiego, Dzielnica XII Bieżanów-Prokocim, Kraków, małopolskie",649 000 zł,"39,40 m²","16 472,08 zł/m²",4,4.0,2,1980,parking publiczny / na ulicy,wtórny,"spółdzielcze własnościowe, księga wieczysta"
"https://krakow.nieruchomosci-online.pl/mieszkanie,z-kuchnia-z-oknem/24651820.html","Mieszkanie, Osiedle Krowodrza Górka","Osiedle Krowodrza Górka, Krowodrza, Kraków, małopolskie",1 350 000 zł,"132,60 m²",10 181 zł/m²,1,1.0,4,1930,parking strzeżony w pobliżu,wtórny,własność
"https://krakow.nieruchomosci-online.pl/mieszkanie,na-sprzedaz/21945947.html","Mieszkanie, ul. Domki","Domki, Oficerskie, Kraków, małopolskie",899 000 zł,"71,14 m²","12 637,05 zł/m²",1,3.0,3,-,-,wtórny,
"https://krakow.nieruchomosci-online.pl/mieszkanie,na-sprzedaz/24748602.html","Apartament, Aleja Pokoju","Aleja Pokoju, Czyżyny, Kraków, małopolskie",686 983 zł,"32,87 m²",20 900 zł/m²,parter,4.0,2,2021,-,wtórny,
"https://krakow.nieruchomosci-online.pl/mieszkanie,m5,z-kuchnia-z-oknem/22925995.html","Apartament, ul. Reduta","Reduta, Prądnik Czerwony, Kraków, małopolskie",2 600 000 zł,194 m²,"13 402,06 zł/m²",4,4.0,5,2017,garaż w bryle budynku,wtórny,
"https://krakow.nieruchomosci-online.pl/mieszkanie,na-sprzedaz/24760787.html",Mieszkanie,"Szlak 50, Warszawskie, Kraków, małopolskie",1 635 480 zł,"74,34 m²",22 000 zł/m²,9,10.0,3,2008,w garażu podziemnym,wtórny,"własność, księga wieczysta"
"https://krakow.nieruchomosci-online.pl/mieszkanie,na-sprzedaz/24635656.html","Mieszkanie, ul. Przybyszewskiego","Przybyszewskiego, Dzielnica VI Bronowice, Kraków, małopolskie",1 642 213 zł,"83,15 m²","19 750,01 zł/m²",1,3.0,4,2023,parking publiczny / na ulicy,pierwotny (zobacz inne nowe mieszkania w Krakowie),
"https://krakow.nieruchomosci-online.pl/mieszkanie,z-aneksem-kuchennym/24655192.html",Kawalerka Kraków,"Prądnik Czerwony, Kraków, małopolskie",479 000 zł,"26,70 m²","17 940,07 zł/m²",2,5.0,1,2010,-,wtórny,"własność, księga wieczysta"
"https://krakow.nieruchomosci-online.pl/mieszkanie-w-bloku-mieszkalnym,wysoki-standard/24767175.html","Mieszkanie, ul. Poznańska","Poznańska, Krowodrza, Kraków, małopolskie",1 899 000 zł,"83,23 m²","22 816,29 zł/m²",2,5.0,3,2009,tak,wtórny,własność
"https://krakow.nieruchomosci-online.pl/mieszkanie,z-oddzielna-kuchnia/24777574.html","Mieszkanie, Osiedle Tysiąclecia","Osiedle Tysiąclecia, Mistrzejowice, Kraków, małopolskie",630 000 zł,47 m²,"13 404,26 zł/m²",4,4.0,3,1969,-,wtórny,"własność, księga wieczysta"
"https://krakow.nieruchomosci-online.pl/mieszkanie,na-sprzedaz/24625238.html","Mieszkanie, ul. Petrażyckiego","Petrażyckiego, Opatkowice, Kraków, małopolskie",559 000 zł,"57,29 m²","9 757,37 zł/m²",2,3.0,3,2023,przynależne na ulicy,wtórny,
"https://krakow.nieruchomosci-online.pl/mieszkanie-w-apartamentowcu,deweloperski/24541790.html","Apartament, ul. Przewóz","Przewóz, Płaszów, Kraków, małopolskie",1 365 000 zł,80 m²,"17 062,50 zł/m²",4,4.0,3,2023,garaż,wtórny,własność
"https://krakow.nieruchomosci-online.pl/mieszkanie,z-kuchnia-z-oknem/24735722.html","Mieszkanie, Aleja płk. Władysława Beliny-Prażmowskiego","Aleja płk. Władysława Beliny-Prażmowskiego, Grzegórzki, Kraków, małopolskie",579 000 zł,"30,50 m²","18 983,61 zł/m²",2,3.0,1,1940,parking publiczny / na ulicy,wtórny,
"https://krakow.nieruchomosci-online.pl/mieszkanie-w-bloku-mieszkalnym,wysoki-standard/24776521.html","Mieszkanie, ul. Zgody","Zgody, Zgody, Kraków, małopolskie",820 000 zł,"61,10 m²","13 420,62 zł/m²",parter,4.0,3,1950,-,wtórny,
"https://krakow.nieruchomosci-online.pl/mieszkanie,z-kuchnia-z-oknem/24163153.html","Mieszkanie, ul. Banacha","Banacha, Prądnik Biały, Kraków, małopolskie",589 000 zł,36 m²,"16 361,11 zł/m²",3,5.0,2,2023,w garażu podziemnym,pierwotny (zobacz inne nowe mieszkania w Krakowie),
"https://krakow.nieruchomosci-online.pl/mieszkanie,kawalerka,z-aneksem-kuchennym/24715226.html","Kawalerka, ul. Żabiniec","Żabiniec, Żabiniec, Kraków, małopolskie",629 000 zł,"25,91 m²","24 276,34 zł/m²",parter,5.0,1,2017,-,wtórny,własność
"https://krakow.nieruchomosci-online.pl/mieszkanie,na-sprzedaz/24737845.html",Kawalerka Kraków,"Borek Fałęcki, Kraków, małopolskie",210 000 zł,17 m²,"12 352,94 zł/m²",1,1.0,1,-,-,wtórny,
"https://krakow.nieruchomosci-online.pl/mieszkanie,m4,z-kuchnia-z-oknem/24607028.html","Mieszkanie, ul. Przybyszewskiego","Przybyszewskiego, Dzielnica VI Bronowice, Kraków, małopolskie",2 032 380 zł,"96,78 m²",21 000 zł/m²,parter,3.0,4,2023,parking publiczny / na ulicy,pierwotny (zobacz inne nowe mieszkania w Krakowie),
"https://krakow.nieruchomosci-online.pl/mieszkanie,z-aneksem-kuchennym/24679923.html","Apartament, ul. Masarska","Masarska, Grzegórzki, Kraków, małopolskie",990 000 zł,39 m²,"25 384,62 zł/m²",parter,6.0,2,2015,garaż,wtórny,
"https://krakow.nieruchomosci-online.pl/mieszkanie-w-bloku-mieszkalnym,nowe-wykonczone/24765732.html","Mieszkanie, ul. Bartla","Bartla, Kliny, Kraków, małopolskie",660 000 zł,"41,90 m²",15 752 zł/m²,parter,,2,2001,przynależne na terenie ogrodzonym,wtórny,
"https://krakow.nieruchomosci-online.pl/mieszkanie,nad-rzeka/24768395.html",Apartament,"Bajeczna, Grzegórzki, Kraków, małopolskie",649 000 zł,"30,13 m²","21 539,99 zł/m²",5,6.0,1,2018,parking publiczny / na ulicy,wtórny,
"https://krakow.nieruchomosci-online.pl/mieszkanie,z-aneksem-kuchennym/24729916.html","Mieszkanie, ul. Bojki","Bojki, Kurdwanów, Kraków, małopolskie",849 999 zł,65 m²,"13 076,91 zł/m²",parter,5.0,2,2011,tak,wtórny,
"https://krakow.nieruchomosci-online.pl/mieszkanie,m2,z-aneksem-kuchennym/24717650.html",Mieszkanie Kraków,"Kazimierz, Kraków, małopolskie",690 000 zł,"41,12 m²","16 780,16 zł/m²",2,2.0,2,1900,parking publiczny / na ulicy,wtórny,"własność, księga wieczysta"
"https://krakow.nieruchomosci-online.pl/mieszkanie,z-aneksem-kuchennym/24656981.html","Mieszkanie, Osiedle Piastów","Osiedle Piastów, Mistrzejowice, Kraków, małopolskie",820 000 zł,"48,05 m²","17 065,56 zł/m²",3,9.0,3,2022,przynależne na ulicy,wtórny,
"https://krakow.nieruchomosci-online.pl/mieszkanie-w-bloku-mieszkalnym,deweloperski,przy-lesie/24761913.html",Mieszkanie Kraków,"Ruczaj, Kraków, małopolskie",825 000 zł,"56,92 m²","14 494,03 zł/m²",1,3.0,3,-,-,pierwotny (zobacz inne nowe mieszkania w Krakowie),
"https://krakow.nieruchomosci-online.pl/mieszkanie,z-aneksem-kuchennym/24742249.html","Mieszkanie, ul. Praska","Praska, Dębniki, Kraków, małopolskie",972 000 zł,"44,41 m²","21 886,96 zł/m²",2,3.0,2,2018,parking publiczny / na ulicy,wtórny,własność
"https://krakow.nieruchomosci-online.pl/mieszkanie,na-sprzedaz/24775010.html","Mieszkanie, ul. Chocimska","Kraków, małopolskie",2 100 000 zł,270 m²,"7 777,78 zł/m²",parter,1.0,3,1935,tak,wtórny,"własność, księga wieczysta"
"https://krakow.nieruchomosci-online.pl/mieszkanie,przy-lesie/24762368.html",Mieszkanie,"Pana Tadeusza, Zabłocie, Kraków, małopolskie",1 159 686 zł,"58,57 m²",19 800 zł/m²,3,7.0,3,2024,tak,pierwotny (zobacz inne nowe mieszkania w Krakowie),
"https://krakow.nieruchomosci-online.pl/mieszkanie,na-sprzedaz/24783395.html","Apartament, ul. Domagały","Domagały, Nowy Bieżanów, Kraków, małopolskie",791 000 zł,"52,80 m²","14 981,06 zł/m²",parter,4.0,3,2022,-,wtórny,
"https://krakow.nieruchomosci-online.pl/mieszkanie,na-sprzedaz/24520701.html","Mieszkanie, ul. Myśliwska","Myśliwska, Płaszów, Kraków, małopolskie",675 100 zł,43 m²,15 700 zł/m²,parter,4.0,2,2022,w garażu podziemnym,wtórny,
"https://krakow.nieruchomosci-online.pl/mieszkanie,z-kuchnia-z-oknem/24735818.html","Mieszkanie, ul. Wyszyńskiego","Wyszyńskiego, Rżąka, Kraków, małopolskie",769 000 zł,"55,39 m²","13 883,37 zł/m²",parter,5.0,3,2020,parking publiczny / na ulicy,wtórny,"własność, księga wieczysta"
"https://krakow.nieruchomosci-online.pl/mieszkanie,z-oddzielna-kuchnia/24608565.html","Mieszkanie, ul. Sas-Zubrzyckiego","Sas-Zubrzyckiego, Wola Duchacka, Kraków, małopolskie",777 000 zł,62 m²,"12 532,26 zł/m²",10,11.0,3,1980,tak,wtórny,"własność, księga wieczysta"
"https://krakow.nieruchomosci-online.pl/mieszkanie,m3,z-kuchnia-w-zabudowie/24783499.html","Mieszkanie, ul. Masarska","Masarska, Kazimierz, Kraków, małopolskie",769 000 zł,"40,50 m²","18 987,65 zł/m²",parter,5.0,3,2005,parking publiczny / na ulicy,wtórny,
"https://krakow.nieruchomosci-online.pl/mieszkanie,m3,z-oddzielna-kuchnia/24612783.html",Mieszkanie,"Osiedle Kombatantów, Nowa Huta, Kraków, małopolskie",710 000 zł,"47,43 m²","14 969,43 zł/m²",8,10.0,3,1982,parking publiczny / na ulicy,wtórny,
"https://krakow.nieruchomosci-online.pl/mieszkanie,z-aneksem-kuchennym/24771621.html","Kawalerka, ul. Cieplińskiego","Cieplińskiego, Olsza, Kraków, małopolskie",525 000 zł,"27,36 m²","19 188,60 zł/m²",3,10.0,1,1980,parking publiczny / na ulicy,wtórny,własność
"https://krakow.nieruchomosci-online.pl/mieszkanie,m3,z-kuchnia-z-oknem/24783363.html","Mieszkanie, ul. Powstańców","Powstańców, Prądnik Czerwony, Kraków, małopolskie",675 000 zł,45 m²,15 000 zł/m²,2,13.0,3,1975,tak,wtórny,
"https://krakow.nieruchomosci-online.pl/mieszkanie,z-aneksem-kuchennym/24747450.html","Mieszkanie, ul. Koletek","Koletek, Wawel, Kraków, małopolskie",1 360 000 zł,"41,27 m²","32 953,72 zł/m²",parter,4.0,2,1900,parking publiczny / na ulicy,wtórny,własność
"https://krakow.nieruchomosci-online.pl/mieszkanie,z-aneksem-kuchennym/24764240.html","Mieszkanie, ul. Sławka","Sławka, Dzielnica XI Podgórze Duchackie, Kraków, małopolskie",999 000 zł,"69,12 m²","14 453,12 zł/m²",3,8.0,4,2023,w garażu podziemnym,pierwotny (zobacz inne nowe mieszkania w Krakowie),własność
"https://krakow.nieruchomosci-online.pl/mieszkanie-w-apartamentowcu,wysoki-standard,przy-lesie/24783410.html","Apartament, ul. Pękowicka","Pękowicka, Prądnik Biały, Kraków, małopolskie",765 000 zł,46 m²,"16 630,43 zł/m²",1,3.0,2,2019,tak,wtórny,własność
"https://krakow.nieruchomosci-online.pl/mieszkanie,m3,z-oddzielna-kuchnia/24783159.html","Mieszkanie, ul. Grzegórzecka","Grzegórzecka, Grzegórzki, Kraków, małopolskie",1 279 900 zł,"61,10 m²","20 947,63 zł/m²",1,5.0,3,2015,parking publiczny / na ulicy,wtórny,
"https://krakow.nieruchomosci-online.pl/mieszkanie,z-aneksem-kuchennym/24777981.html","Mieszkanie, ul. Przyzby","Przyzby, Ruczaj, Kraków, małopolskie",800 000 zł,"57,24 m²","13 976,24 zł/m²",1,3.0,3,2024,przynależne na terenie ogrodzonym,pierwotny (zobacz inne nowe mieszkania w Krakowie),"własność, księga wieczysta"
"https://krakow.nieruchomosci-online.pl/mieszkanie,z-kuchnia-z-oknem/24378410.html","Apartament, ul. Przybyszewskiego","Przybyszewskiego, Krowodrza, Kraków, małopolskie",2 032 280 zł,"96,90 m²","20 972,96 zł/m²",parter,3.0,4,2023,w garażu podziemnym,pierwotny (zobacz inne nowe mieszkania w Krakowie),
"https://krakow.nieruchomosci-online.pl/mieszkanie-w-bloku-mieszkalnym,nad-rzeka/24630993.html",Mieszkanie,"Saska, Dzielnica XIII Podgórze, Kraków, małopolskie",649 000 zł,"39,50 m²","16 430,38 zł/m²",4,5.0,2,2023,parking publiczny / na ulicy,wtórny,
"https://krakow.nieruchomosci-online.pl/mieszkanie,m4,z-aneksem-kuchennym/24567614.html","Mieszkanie, ul. Kamieńskiego","Kamieńskiego, Wola Duchacka, Kraków, małopolskie",999 000 zł,"68,96 m²","14 486,66 zł/m²",5,8.0,4,2023,-,pierwotny (zobacz inne nowe mieszkania w Krakowie),
"https://krakow.nieruchomosci-online.pl/mieszkanie,na-sprzedaz/24782945.html","Apartament, ul. Wrocławska","Wrocławska, Krowodrza, Kraków, małopolskie",589 000 zł,"24,15 m²","24 389,23 zł/m²",parter,6.0,1,2018,parking publiczny / na ulicy,wtórny,"własność, księga wieczysta"
"https://krakow.nieruchomosci-online.pl/mieszkanie-w-bloku-mieszkalnym,do-odswiezenia/24698862.html","Mieszkanie, ul. Na Błonie","Na Błonie, Bronowice Małe, Kraków, małopolskie",769 000 zł,"54,86 m²","14 017,50 zł/m²",6,10.0,3,1974,-,wtórny,
"https://krakow.nieruchomosci-online.pl/mieszkanie-w-bloku-mieszkalnym,deweloperski/24526981.html","Mieszkanie, ul. Pszczelna","Pszczelna 38, Ruczaj, Kraków, małopolskie",792 636 zł,"50,81 m²",15 600 zł/m²,parter,3.0,3,2024,w garażu podziemnym,pierwotny (zobacz inne nowe mieszkania w Krakowie),"własność, księga wieczysta"
"https://krakow.nieruchomosci-online.pl/mieszkanie-w-domu-wielorodzinnym,deweloperski/24260233.html","Mieszkanie, ul. Agatowa","Agatowa, Złocień, Kraków, małopolskie",579 000 zł,"45,09 m²","12 840,98 zł/m²",4,4.0,2,2023,garaż w bryle budynku,pierwotny (zobacz inne nowe mieszkania w Krakowie),
"https://krakow.nieruchomosci-online.pl/mieszkanie-w-apartamentowcu,wysoki-standard/24777723.html","Apartament, ul. Niezapominajek","Niezapominajek, Wola Justowska, Kraków, małopolskie",1 326 100 zł,"74,50 m²",17 800 zł/m²,1,2.0,4,2007,garaż,pierwotny (zobacz inne nowe mieszkania w Krakowie),
"https://krakow.nieruchomosci-online.pl/mieszkanie-w-bloku-mieszkalnym,wysoki-standard/24754805.html","Mieszkanie, ul. Dzielskiego","Dzielskiego, Śródmieście, Kraków, małopolskie",760 000 zł,"52,30 m²","14 531,55 zł/m²",3,4.0,3,1973,-,wtórny,
"https://krakow.nieruchomosci-online.pl/mieszkanie,na-sprzedaz/24599571.html","Mieszkanie, ul. Przybyszewskiego","Przybyszewskiego, Dzielnica VI Bronowice, Kraków, małopolskie",1 898 723 zł,"99,15 m²","19 150,01 zł/m²",1,3.0,4,2023,w garażu podziemnym,pierwotny (zobacz inne nowe mieszkania w Krakowie),
"https://krakow.nieruchomosci-online.pl/mieszkanie,na-sprzedaz/23030902.html","Mieszkanie, ul. 28 Lipca 1943","28 Lipca 1943, Wola Justowska, Kraków, małopolskie",2 779 000 zł,139 m²,"19 992,81 zł/m²",1,2.0,3,2021,parking publiczny / na ulicy,wtórny,
"https://krakow.nieruchomosci-online.pl/mieszkanie,z-oddzielna-kuchnia/24704716.html",Mieszkanie,"Kolorowe, Kraków, małopolskie",699 000 zł,52 m²,"13 442,31 zł/m²",parter,3.0,2,1959,parking publiczny / na ulicy,wtórny,własność
"https://krakow.nieruchomosci-online.pl/mieszkanie,m3,z-aneksem-kuchennym/24748976.html","Mieszkanie, ul. Wyżynna","Wyżynna, Kurdwanów, Kraków, małopolskie",990 000 zł,"82,29 m²","12 030,62 zł/m²",1,1.0,3,2013,garaż,wtórny,własność
"https://krakow.nieruchomosci-online.pl/mieszkanie,z-oddzielna-kuchnia/24760587.html",Mieszkanie Kraków,"Czyżyny, Kraków, małopolskie",850 000 zł,"64,73 m²","13 131,47 zł/m²",3,8.0,3,-,tak,wtórny,
"https://krakow.nieruchomosci-online.pl/mieszkanie,m3,z-aneksem-kuchennym/24762986.html",Mieszkanie,"Rydlówka, Dzielnica XIII Podgórze, Kraków, małopolskie",918 300 zł,"53,50 m²","17 164,49 zł/m²",2,4.0,3,2024,parking publiczny / na ulicy,pierwotny (zobacz inne nowe mieszkania w Krakowie),
"https://krakow.nieruchomosci-online.pl/mieszkanie,na-sprzedaz/24712337.html","Apartament, ul. Pana Tadeusza","Pana Tadeusza, Zabłocie, Kraków, małopolskie",812 210 zł,"39,62 m²",20 500 zł/m²,4,,2,2024,garaż,pierwotny (zobacz inne nowe mieszkania w Krakowie),
"https://krakow.nieruchomosci-online.pl/mieszkanie,z-aneksem-kuchennym/24743906.html","Mieszkanie, ul. Klimeckiego","Klimeckiego, Dzielnica XIII Podgórze, Kraków, małopolskie",1 489 000 zł,77 m²,"19 337,66 zł/m²",1,6.0,4,2023,w garażu podziemnym,wtórny,
"https://krakow.nieruchomosci-online.pl/mieszkanie,m3,z-aneksem-kuchennym/24781823.html",Mieszkanie,"Banacha, Górka Narodowa, Kraków, małopolskie",883 200 zł,64 m²,13 800 zł/m²,3,5.0,3,2022,parking publiczny / na ulicy,wtórny,własność
"https://krakow.nieruchomosci-online.pl/mieszkanie,m2,nad-rzeka/24741026.html","Mieszkanie, ul. Józefińska","Józefińska, Podgórze, Kraków, małopolskie",599 000 zł,"33,70 m²","17 774,48 zł/m²",3,3.0,2,-,parking publiczny / na ulicy,wtórny,własność
"https://krakow.nieruchomosci-online.pl/mieszkanie,z-aneksem-kuchennym/24781601.html",Mieszkanie,"Gwieździsta, Dzielnica XIII Podgórze, Kraków, małopolskie",950 000 zł,70 m²,13 571 zł/m²,1,4.0,3,2010,w garażu podziemnym,wtórny,
"https://krakow.nieruchomosci-online.pl/mieszkanie,m3,z-aneksem-kuchennym/24605294.html","Apartament, ul. Szafrana","Szafrana, Podgórze, Kraków, małopolskie",1 195 000 zł,"66,53 m²","17 961,82 zł/m²",4,6.0,3,2014,parking publiczny / na ulicy,wtórny,"własność, księga wieczysta"
"https://krakow.nieruchomosci-online.pl/mieszkanie,nad-rzeka/24781154.html","Mieszkanie, ul. Armii Krajowej","Armii Krajowej, Bronowice, Kraków, małopolskie",610 000 zł,"35,25 m²","17 304,96 zł/m²",13,15.0,2,1980,garaż,wtórny,
"https://krakow.nieruchomosci-online.pl/mieszkanie,m2,z-aneksem-kuchennym/24781857.html","Mieszkanie, ul. Wileńska","Wileńska, Olsza, Kraków, małopolskie",695 000 zł,48 m²,14 479 zł/m²,3,3.0,2,1930,parking publiczny / na ulicy,wtórny,
"https://krakow.nieruchomosci-online.pl/mieszkanie,z-aneksem-kuchennym/24673538.html",Mieszkanie Kraków,"Kliny Zacisze, Kraków, małopolskie",735 000 zł,52 m²,"14 134,62 zł/m²",1,5.0,2,2022,parking publiczny / na ulicy,wtórny,
"https://krakow.nieruchomosci-online.pl/mieszkanie,m3,z-oddzielna-kuchnia/24141389.html","Mieszkanie, ul. Warszauera","Warszauera, Stare Miasto, Kraków, małopolskie",1 195 000 zł,"73,50 m²",16 259 zł/m²,parter,3.0,3,1960,przynależne na ulicy,wtórny,własność
"https://krakow.nieruchomosci-online.pl/mieszkanie,na-sprzedaz/24781599.html",Mieszkanie,"Kiełkowskiego, Dzielnica XIII Podgórze, Kraków, małopolskie",890 000 zł,63 m²,14 127 zł/m²,2,3.0,2,2000,garaż wolnostojący,wtórny,
"https://krakow.nieruchomosci-online.pl/mieszkanie,na-sprzedaz/24367009.html","Mieszkanie, ul. Władysława Łokietka","Władysława Łokietka, Krowodrza, Kraków, małopolskie",1 020 000 zł,61 m²,"16 721,31 zł/m²",parter,4.0,2,1936,-,wtórny,
"https://krakow.nieruchomosci-online.pl/mieszkanie,na-sprzedaz/24781606.html","Mieszkanie, ul. Nowosądecka","Nowosądecka, Kurdwanów, Kraków, małopolskie",745 000 zł,50 m²,14 900 zł/m²,3,4.0,2,1999,parking publiczny / na ulicy,wtórny,
"https://krakow.nieruchomosci-online.pl/mieszkanie,m3,z-aneksem-kuchennym/24765968.html","Mieszkanie, ul. Magnolii","Magnolii, Dzielnica XIII Podgórze, Kraków, małopolskie",868 832 zł,"57,16 m²",15 200 zł/m²,parter,3.0,3,2024,garaż wolnostojący,pierwotny (zobacz inne nowe mieszkania w Krakowie),
"https://krakow.nieruchomosci-online.pl/mieszkanie,z-aneksem-kuchennym/24551371.html",Mieszkanie Kraków,"Bielany, Kraków, małopolskie",950 000 zł,"97,42 m²","9 751,59 zł/m²",parter,1.0,4,2022,tak,pierwotny (zobacz inne nowe mieszkania w Krakowie),własność
"https://krakow.nieruchomosci-online.pl/mieszkanie,m2,z-oddzielna-kuchnia/24648366.html","Mieszkanie, ul. Armii Krajowej","Armii Krajowej, Krowodrza, Kraków, małopolskie",570 000 zł,34 m²,"16 764,71 zł/m²",parter,15.0,2,1958,-,wtórny,spółdzielcze własnościowe
"https://krakow.nieruchomosci-online.pl/mieszkanie,m4,z-kuchnia-z-oknem/24565087.html","Apartament, ul. Tyniecka","Tyniecka, Dębniki, Kraków, małopolskie",1 799 999 zł,"141,91 m²","12 684,09 zł/m²",parter,2.0,4,2023,przynależne na ulicy,pierwotny (zobacz inne nowe mieszkania w Krakowie),własność
"https://krakow.nieruchomosci-online.pl/mieszkanie,z-kuchnia-z-oknem/24416506.html",Mieszkanie,"Bonarka, Kraków, małopolskie",696 758 zł,"35,77 m²","19 478,84 zł/m²",3,5.0,1,2023,tak,pierwotny (zobacz inne nowe mieszkania w Krakowie),własność
"https://krakow.nieruchomosci-online.pl/mieszkanie,na-sprzedaz/24778042.html","Apartament, ul. Smętna","Smętna, Prądnik Biały, Kraków, małopolskie",739 000 zł,"45,61 m²","16 202,59 zł/m²",1,2.0,2,2015,w garażu podziemnym,wtórny,własność
"https://krakow.nieruchomosci-online.pl/mieszkanie,z-aneksem-kuchennym/24471717.html",Mieszkanie Kraków,"Mistrzejowice, Kraków, małopolskie",770 064 zł,"63,12 m²",12 200 zł/m²,3,8.0,3,2025,w garażu podziemnym,pierwotny (zobacz inne nowe mieszkania w Krakowie),"własność, księga wieczysta"
"https://krakow.nieruchomosci-online.pl/mieszkanie-w-bloku-mieszkalnym,do-remontu/24654581.html","Mieszkanie, Osiedle Hutnicze","Osiedle Hutnicze, Nowa Huta, Kraków, małopolskie",530 000 zł,"37,64 m²","14 080,77 zł/m²",5,6.0,2,1958,parking publiczny / na ulicy,wtórny,"własność, księga wieczysta"
"https://krakow.nieruchomosci-online.pl/mieszkanie,na-sprzedaz/24650992.html","Mieszkanie, ul. Wrocławska","Wrocławska, Krowodrza, Kraków, małopolskie",1 395 000 zł,75 m²,18 600 zł/m²,4,6.0,4,2020,parking strzeżony w pobliżu,wtórny,"własność, księga wieczysta"
"https://krakow.nieruchomosci-online.pl/mieszkanie-w-bloku-mieszkalnym,wysoki-standard/24636608.html",Mieszkanie,"Osiedle Teatralne 12, Nowa Huta, Kraków, małopolskie",649 000 zł,"45,41 m²","14 203,92 zł/m²",2,3.0,3,1952,parking publiczny / na ulicy,wtórny,"własność, księga wieczysta"
"https://krakow.nieruchomosci-online.pl/mieszkanie,m3,z-aneksem-kuchennym/24710067.html",Mieszkanie,"Kobierzyńska 130, Ruczaj, Kraków, małopolskie",970 000 zł,"80,56 m²","12 040,71 zł/m²",2,4.0,3,2010,-,wtórny,"własność, księga wieczysta"
"https://krakow.nieruchomosci-online.pl/mieszkanie,na-sprzedaz/24684861.html","Mieszkanie, ul. Klimeckiego","Klimeckiego, Zabłocie, Kraków, małopolskie",753 000 zł,"39,14 m²","19 238,63 zł/m²",2,5.0,2,-,w garażu podziemnym,wtórny,
"https://krakow.nieruchomosci-online.pl/mieszkanie,z-aneksem-kuchennym/24616256.html","Apartament, ul. Grzegórzecka","Grzegórzecka, Grzegórzki, Kraków, małopolskie",2 100 000 zł,94 m²,"22 340,43 zł/m²",1,,3,2022,parking strzeżony w pobliżu,wtórny,
"https://krakow.nieruchomosci-online.pl/mieszkanie,na-sprzedaz/24195139.html","Mieszkanie, ul. Stefana Batorego","Stefana Batorego, Stare Miasto, Kraków, małopolskie",1 050 000 zł,64 m²,"16 406,25 zł/m²",2,4.0,2,1899,-,wtórny,
"https://krakow.nieruchomosci-online.pl/mieszkanie,m3,z-oddzielna-kuchnia/24630991.html",Mieszkanie,"Osiedle Kombatantów, Mistrzejowice, Kraków, małopolskie",710 000 zł,"47,43 m²","14 969,43 zł/m²",8,10.0,3,1982,parking publiczny / na ulicy,wtórny,
"https://krakow.nieruchomosci-online.pl/mieszkanie,na-sprzedaz/24480587.html","Mieszkanie, ul. Pachońskiego","Pachońskiego, Prądnik Biały, Kraków, małopolskie",606 948 zł,"41,01 m²",14 800 zł/m²,1,6.0,2,-,w garażu podziemnym,pierwotny (zobacz inne nowe mieszkania w Krakowie),
"https://krakow.nieruchomosci-online.pl/mieszkanie,na-sprzedaz/24700682.html","Mieszkanie, ul. Na Błonie","Na Błonie, Wola Justowska, Kraków, małopolskie",797 208 zł,"45,04 m²",17 700 zł/m²,1,2.0,2,2023,przynależne na ulicy,pierwotny (zobacz inne nowe mieszkania w Krakowie),
"https://krakow.nieruchomosci-online.pl/mieszkanie,m2,nad-rzeka/24564621.html",Apartament Kraków,"Półwsie Zwierzynieckie, Kraków, małopolskie",850 000 zł,52 m²,"16 346,15 zł/m²",1,1.0,2,1992,garaż,wtórny,
"https://krakow.nieruchomosci-online.pl/mieszkanie-w-apartamentowcu,deweloperski/24398233.html","Apartament, ul. Na Błonie","Na Błonie, Bronowice Małe, Kraków, małopolskie",689 040 zł,"41,76 m²",16 500 zł/m²,parter,2.0,2,-,tak,pierwotny (zobacz inne nowe mieszkania w Krakowie),
"https://krakow.nieruchomosci-online.pl/mieszkanie,m3,z-oddzielna-kuchnia/24713255.html","Mieszkanie, ul. Sempołowskiej","Sempołowskiej, Podgórze Duchackie, Kraków, małopolskie",868 000 zł,"59,75 m²","14 527,20 zł/m²",parter,3.0,3,1992,garaż,wtórny,
"https://krakow.nieruchomosci-online.pl/mieszkanie,kawalerka,z-kuchnia-z-oknem/24658838.html","Mieszkanie, ul. Rydla","Rydla, Bronowice, Kraków, małopolskie",560 000 zł,35 m²,16 000 zł/m²,1,3.0,1,1960,przynależne na ulicy,wtórny,
"https://krakow.nieruchomosci-online.pl/mieszkanie,m2,z-oddzielna-kuchnia/24616002.html","Mieszkanie, ul. Kolberga","Kolberga, Śródmieście, Kraków, małopolskie",930 000 zł,70 m²,"13 285,71 zł/m²",3,3.0,2,1920,parking publiczny / na ulicy,wtórny,
"https://krakow.nieruchomosci-online.pl/mieszkanie,m2,z-aneksem-kuchennym/24697756.html","Mieszkanie, ul. Stojałowskiego","Stojałowskiego, Kurdwanów, Kraków, małopolskie",669 000 zł,"49,30 m²","13 569,98 zł/m²",1,4.0,2,1986,przynależne na ulicy,wtórny,"własność, księga wieczysta"
"https://krakow.nieruchomosci-online.pl/mieszkanie,m3,z-aneksem-kuchennym/22483288.html","Apartament, ul. Lubicz","Lubicz, Grzegórzki, Kraków, małopolskie",2 150 000 zł,"76,83 m²",27 984 zł/m²,2,3.0,3,2014,w garażu podziemnym,wtórny,
"https://krakow.nieruchomosci-online.pl/mieszkanie,na-sprzedaz/24658758.html",Kawalerka,"Żywiecka, Dzielnica XIII Podgórze, Kraków, małopolskie",155 000 zł,"14,30 m²","10 839,16 zł/m²",2,2.0,1,1960,parking publiczny / na ulicy,wtórny,
"https://krakow.nieruchomosci-online.pl/mieszkanie-w-bloku-mieszkalnym,przy-lesie/24638361.html",Mieszkanie,"Szymańskiego, Nowa Huta, Kraków, małopolskie",423 250 zł,"33,86 m²",12 500 zł/m²,1,3.0,2,2025,garaż,pierwotny (zobacz inne nowe mieszkania w Krakowie),
"https://krakow.nieruchomosci-online.pl/mieszkanie,na-sprzedaz/24726903.html",Mieszkanie,"Przybyszewskiego, Dzielnica VI Bronowice, Kraków, małopolskie",1 360 783 zł,"70,69 m²","19 250,01 zł/m²",parter,3.0,3,2023,garaż wolnostojący,pierwotny (zobacz inne nowe mieszkania w Krakowie),
"https://krakow.nieruchomosci-online.pl/mieszkanie,przy-lesie/24757506.html","Kawalerka, ul. Siemiradzkiego","Siemiradzkiego, Stare Miasto, Kraków, małopolskie",765 000 zł,27 m²,"28 333,33 zł/m²",parter,3.0,1,1886,-,wtórny,własność
"https://krakow.nieruchomosci-online.pl/mieszkanie,m3,z-aneksem-kuchennym/24644652.html","Mieszkanie, ul. Witosa","Witosa, Bonarka, Kraków, małopolskie",600 000 zł,53 m²,"11 320,75 zł/m²",11,11.0,3,1980,parking publiczny / na ulicy,wtórny,
"https://krakow.nieruchomosci-online.pl/mieszkanie,z-aneksem-kuchennym/24403395.html","Apartament, ul. Maciejkowa","Maciejkowa, Prądnik Biały, Kraków, małopolskie",1 280 000 zł,128 m²,10 000 zł/m²,1,2.0,6,2023,garaż wolnostojący,pierwotny (zobacz inne nowe mieszkania w Krakowie),"własność, księga wieczysta"
"https://krakow.nieruchomosci-online.pl/mieszkanie,z-kuchnia-z-oknem/24599353.html","Mieszkanie, ul. Marchołta","Marchołta, Prądnik Czerwony, Kraków, małopolskie",515 000 zł,"34,28 m²","15 023,34 zł/m²",1,5.0,1,2008,-,wtórny,
"https://krakow.nieruchomosci-online.pl/mieszkanie,z-aneksem-kuchennym/24750577.html","Mieszkanie, ul. Bieżanowska","Bieżanowska, Bieżanów, Kraków, małopolskie",640 000 zł,"38,53 m²","16 610,43 zł/m²",2,4.0,2,2018,-,wtórny,
"https://krakow.nieruchomosci-online.pl/mieszkanie,m4,przy-lesie/24507658.html",Mieszkanie,"Władysława Łokietka, Prądnik Biały, Kraków, małopolskie",1 450 000 zł,"108,17 m²","13 404,83 zł/m²",1,2.0,4,2022,tak,pierwotny (zobacz inne nowe mieszkania w Krakowie),
"https://krakow.nieruchomosci-online.pl/mieszkanie,z-aneksem-kuchennym/24755839.html","Apartament, ul. Conrada","Conrada, Prądnik Biały, Kraków, małopolskie",832 038 zł,"60,60 m²","12 904,92 zł/m²",1,5.0,3,2025,-,pierwotny (zobacz inne nowe mieszkania w Krakowie),
"https://krakow.nieruchomosci-online.pl/mieszkanie,przy-lesie/24717118.html","Mieszkanie, ul. Na Błonie","Na Błonie, Bronowice, Kraków, małopolskie",500 000 zł,30 m²,"16 666,67 zł/m²",9,10.0,1,1972,tak,wtórny,spółdzielcze własnościowe
"https://krakow.nieruchomosci-online.pl/mieszkanie,na-sprzedaz/24779598.html","Kawalerka, Osiedle Słoneczne","Osiedle Słoneczne, Słoneczne, Kraków, małopolskie",394 000 zł,"24,76 m²",15 913 zł/m²,2,4.0,1,1957,przynależne na ulicy,wtórny,
"https://krakow.nieruchomosci-online.pl/mieszkanie,m3,z-aneksem-kuchennym/24367387.html","Apartament, ul. Przybyszewskiego","Przybyszewskiego, Krowodrza, Kraków, małopolskie",1 385 022 zł,"77,16 m²",17 950 zł/m²,1,3.0,3,2023,w garażu podziemnym,pierwotny (zobacz inne nowe mieszkania w Krakowie),
"https://krakow.nieruchomosci-online.pl/mieszkanie,kawalerka,z-aneksem-kuchennym/24666954.html",Mieszkanie,"Domagały, Dzielnica XIII Podgórze, Kraków, małopolskie",499 000 zł,"31,98 m²","15 603,50 zł/m²",4,4.0,1,2021,tak,wtórny,własność
"https://krakow.nieruchomosci-online.pl/mieszkanie,z-aneksem-kuchennym/24746794.html","Mieszkanie, Osiedle Kalinowe","Osiedle Kalinowe, Kalinowe, Kraków, małopolskie",450 000 zł,37 m²,"12 162,16 zł/m²",2,10.0,2,1975,przynależne na ulicy,wtórny,spółdzielcze własnościowe
"https://krakow.nieruchomosci-online.pl/mieszkanie,m2,z-kuchnia-z-oknem/24622818.html","Mieszkanie, ul. Zaułek","Zaułek, Zabłocie, Kraków, małopolskie",520 000 zł,41 m²,"12 682,93 zł/m²",2,2.0,2,1910,parking publiczny / na ulicy,wtórny,własność
"https://krakow.nieruchomosci-online.pl/mieszkanie,na-sprzedaz/24752743.html","Mieszkanie, ul. Bronowicka","Bronowicka, Bronowice Małe, Kraków, małopolskie",614 000 zł,"35,64 m²",17 228 zł/m²,8,10.0,2,1980,-,wtórny,
"https://krakow.nieruchomosci-online.pl/mieszkanie,z-aneksem-kuchennym/24471716.html",Mieszkanie Kraków,"Mistrzejowice, Kraków, małopolskie",1 171 484 zł,"100,99 m²",11 600 zł/m²,2,8.0,5,2025,w garażu podziemnym,pierwotny (zobacz inne nowe mieszkania w Krakowie),"własność, księga wieczysta"
"https://krakow.nieruchomosci-online.pl/mieszkanie,m2,z-oddzielna-kuchnia/24745876.html",Mieszkanie,"Osiedle Kolorowe, Czyżyny, Kraków, małopolskie",819 640 zł,"52,88 m²",15 500 zł/m²,3,3.0,2,1980,parking publiczny / na ulicy,wtórny,"własność, księga wieczysta"
"https://krakow.nieruchomosci-online.pl/mieszkanie,z-aneksem-kuchennym/24518062.html","Mieszkanie, ul. Starego Dębu","Starego Dębu, Bronowice Małe, Kraków, małopolskie",839 000 zł,66 m²,"12 712,12 zł/m²",1,2.0,3,2019,garaż,wtórny,
"https://krakow.nieruchomosci-online.pl/mieszkanie-w-bloku-mieszkalnym,nowe-wykonczone/24779763.html","Mieszkanie, ul. Ściegiennego","Ściegiennego, Bieżanów, Kraków, małopolskie",630 000 zł,"55,50 m²",11 351 zł/m²,1,10.0,3,1980,-,wtórny,
"https://krakow.nieruchomosci-online.pl/mieszkanie,na-sprzedaz/24189307.html",Mieszkanie,"Myśliwska, Płaszów, Kraków, małopolskie",639 000 zł,"38,28 m²","16 692,79 zł/m²",2,4.0,2,2023,w garażu podziemnym,pierwotny (zobacz inne nowe mieszkania w Krakowie),własność
"https://krakow.nieruchomosci-online.pl/mieszkanie,na-sprzedaz/24599825.html","Mieszkanie, ul. Przybyszewskiego","Przybyszewskiego, Dzielnica VI Bronowice, Kraków, małopolskie",1 372 075 zł,"77,30 m²",17 750 zł/m²,parter,3.0,3,2023,parking publiczny / na ulicy,pierwotny (zobacz inne nowe mieszkania w Krakowie),
"https://krakow.nieruchomosci-online.pl/mieszkanie,z-kuchnia-z-oknem/24728056.html","Mieszkanie, ul. Wysłouchów","Wysłouchów, Kurdwanów, Kraków, małopolskie",697 000 zł,62 m²,11 242 zł/m²,4,4.0,3,1983,parking publiczny / na ulicy,wtórny,"spółdzielcze własnościowe, księga wieczysta"
"https://krakow.nieruchomosci-online.pl/mieszkanie-w-bloku-mieszkalnym,wysoki-standard,nad-jeziorem/24650314.html","Mieszkanie, ul. Ćwikłowa","Ćwikłowa, Pychowice, Kraków, małopolskie",945 000 zł,"61,10 m²","15 466,45 zł/m²",2,3.0,2,2019,-,wtórny,własność
"https://krakow.nieruchomosci-online.pl/mieszkanie,z-aneksem-kuchennym/24649722.html","Apartament, ul. Wybickiego","Wybickiego, Prądnik Biały, Kraków, małopolskie",677 800 zł,"35,77 m²","18 948,84 zł/m²",7,,2,2023,garaż,wtórny,własność
"https://krakow.nieruchomosci-online.pl/mieszkanie,z-aneksem-kuchennym/24778415.html","Mieszkanie, ul. Szewska","Szewska, Stare Miasto, Kraków, małopolskie",2 931 700 zł,"77,15 m²",38 000 zł/m²,2,2.0,2,1832,parking strzeżony w pobliżu,wtórny,
"https://krakow.nieruchomosci-online.pl/mieszkanie,m2,z-aneksem-kuchennym/24760857.html",Mieszkanie,"Rydlówka, Dzielnica XIII Podgórze, Kraków, małopolskie",640 984 zł,"32,48 m²","19 734,73 zł/m²",4,4.0,2,2024,parking publiczny / na ulicy,pierwotny (zobacz inne nowe mieszkania w Krakowie),"własność, księga wieczysta"
"https://krakow.nieruchomosci-online.pl/mieszkanie,z-aneksem-kuchennym/24136573.html",Mieszkanie,"Piltza, Piltza, Kraków, małopolskie",719 000 zł,"48,88 m²","14 709,49 zł/m²",1,5.0,3,2023,tak,wtórny,
"https://krakow.nieruchomosci-online.pl/mieszkanie,na-sprzedaz/24585763.html","Mieszkanie, ul. Przybyszewskiego","Przybyszewskiego, Dzielnica VI Bronowice, Kraków, małopolskie",1 842 588 zł,"101,52 m²",18 150 zł/m²,1,3.0,4,2023,parking publiczny / na ulicy,pierwotny (zobacz inne nowe mieszkania w Krakowie),
"https://krakow.nieruchomosci-online.pl/mieszkanie,z-aneksem-kuchennym/24390101.html","Apartament, ul. Ważewskiego","Ważewskiego, Opatkowice, Kraków, małopolskie",930 000 zł,"87,65 m²",10 610 zł/m²,parter,1.0,4,2024,przynależne na terenie ogrodzonym,wtórny,
"https://krakow.nieruchomosci-online.pl/mieszkanie,z-aneksem-kuchennym/24704668.html","Mieszkanie, ul. Bagrowa","Bagrowa, Płaszów, Kraków, małopolskie",699 340 zł,37 m²,18 901 zł/m²,parter,4.0,2,2023,tak,wtórny,własność
"https://krakow.nieruchomosci-online.pl/mieszkanie,z-kuchnia-z-oknem/24753337.html","Apartament, ul. Odlewnicza","Odlewnicza, Krowodrza, Kraków, małopolskie",1 699 000 zł,"85,12 m²","19 960,06 zł/m²",parter,2.0,3,2023,przynależne na ulicy,wtórny,
"https://krakow.nieruchomosci-online.pl/mieszkanie-w-apartamentowcu,wysoki-standard/24768881.html",Apartament,"Wierzyńskiego, Mydlniki, Kraków, małopolskie",940 000 zł,62 m²,"15 161,29 zł/m²",4,4.0,2,2019,tak,wtórny,własność
"https://krakow.nieruchomosci-online.pl/mieszkanie,na-sprzedaz/24468949.html","Mieszkanie, ul. Królowej Jadwigi","Królowej Jadwigi, Zwierzyniec, Kraków, małopolskie",850 000 zł,52 m²,"16 346,15 zł/m²",1,1.0,2,1992,tak,wtórny,
"https://krakow.nieruchomosci-online.pl/mieszkanie,z-oddzielna-kuchnia/24506989.html","Mieszkanie, ul. Borkowska","Borkowska, Swoszowice, Kraków, małopolskie",889 000 zł,"71,52 m²","12 430,09 zł/m²",parter,3.0,3,-,-,,
"https://krakow.nieruchomosci-online.pl/mieszkanie,kawalerka,z-aneksem-kuchennym/24778212.html","Mieszkanie, Osiedle Piastów","Osiedle Piastów, Mistrzejowice, Kraków, małopolskie",668 779 zł,"44,29 m²",15 100 zł/m²,5,9.0,1,2026,w garażu podziemnym,pierwotny (zobacz inne nowe mieszkania w Krakowie),własność
"https://krakow.nieruchomosci-online.pl/mieszkanie,na-sprzedaz/24620968.html","Mieszkanie, ul. Wicherkiewicza","Wicherkiewicza, Swoszowice, Kraków, małopolskie",290 000 zł,90 m²,"3 222,22 zł/m²",3,3.0,4,2001,-,wtórny,inna
"https://krakow.nieruchomosci-online.pl/mieszkanie,m2,z-aneksem-kuchennym/24778201.html","Mieszkanie, ul. Smętna","Smętna, Bronowice Wielkie, Kraków, małopolskie",739 000 zł,"45,61 m²","16 202,59 zł/m²",1,2.0,2,2013,w garażu podziemnym,wtórny,własność
"https://krakow.nieruchomosci-online.pl/mieszkanie,m2,z-aneksem-kuchennym/24638385.html","Apartament, ul. Na Błonie","Na Błonie, Wola Justowska, Kraków, małopolskie",745 701 zł,"42,13 m²",17 700 zł/m²,1,2.0,2,2023,przynależne na ulicy,pierwotny (zobacz inne nowe mieszkania w Krakowie),
"https://krakow.nieruchomosci-online.pl/mieszkanie,z-oddzielna-kuchnia/24656596.html","Mieszkanie, Aleja Juliusza Słowackiego","Aleja Juliusza Słowackiego, Śródmieście, Kraków, małopolskie",699 000 zł,60 m²,11 650 zł/m²,7,7.0,3,1960,przynależne na ulicy,wtórny,"własność, księga wieczysta"
"https://krakow.nieruchomosci-online.pl/mieszkanie,z-aneksem-kuchennym/24754336.html","Mieszkanie, ul. Teligi","Teligi, Bieżanów-Prokocim, Kraków, małopolskie",480 000 zł,"33,20 m²","14 457,83 zł/m²",2,4.0,1,2010,możliwość wykupienia,wtórny,"własność, księga wieczysta"
"https://krakow.nieruchomosci-online.pl/mieszkanie,m2,z-aneksem-kuchennym/24763655.html","Apartament, ul. Rakowicka","Rakowicka, Stare Miasto, Kraków, małopolskie",1 199 000 zł,"46,50 m²","25 784,95 zł/m²",parter,5.0,2,2016,garaż,wtórny,własność
"https://krakow.nieruchomosci-online.pl/mieszkanie,z-aneksem-kuchennym/24741742.html","Apartament, ul. Chełmońskiego","Chełmońskiego, Prądnik Biały, Kraków, małopolskie",680 000 zł,"45,22 m²","15 037,59 zł/m²",1,3.0,2,2014,tak,wtórny,własność
"https://krakow.nieruchomosci-online.pl/mieszkanie,na-sprzedaz/24479650.html","Mieszkanie, ul. Sosnowiecka","Sosnowiecka, Bronowice, Kraków, małopolskie",700 000 zł,60 m²,"11 666,67 zł/m²",3,3.0,2,2013,-,wtórny,
"https://krakow.nieruchomosci-online.pl/mieszkanie-w-domu-wielorodzinnym,wysoki-standard/24665762.html","Mieszkanie, ul. Forteczna","Forteczna, Kraków, małopolskie",1 475 000 zł,"91,50 m²","16 393,44 zł/m²",1,2.0,5,2023,tak,wtórny,własność
"https://krakow.nieruchomosci-online.pl/mieszkanie,na-sprzedaz/24551688.html","Apartament, ul. Kazimierza Wielkiego","Kazimierza Wielkiego, Krowodrza, Kraków, małopolskie",849 000 zł,"49,02 m²","17 319,46 zł/m²",1,5.0,2,2007,parking strzeżony w pobliżu,wtórny,
"https://krakow.nieruchomosci-online.pl/mieszkanie-w-bloku-mieszkalnym,wysoki-standard/24721018.html",Mieszkanie,"Radzikowskiego 67, Azory, Kraków, małopolskie",779 000 zł,"51,58 m²","15 102,75 zł/m²",2,3.0,2,2004,parking strzeżony w pobliżu,wtórny,"własność, księga wieczysta"
"https://krakow.nieruchomosci-online.pl/mieszkanie,m3,z-kuchnia-z-oknem/24685588.html","Mieszkanie, ul. Sempołowskiej","Sempołowskiej, Wola Duchacka, Kraków, małopolskie",868 000 zł,"59,75 m²",14 527 zł/m²,parter,3.0,3,1992,parking publiczny / na ulicy,wtórny,"własność, księga wieczysta"
"https://krakow.nieruchomosci-online.pl/mieszkanie,m5,z-oddzielna-kuchnia/24682021.html","Mieszkanie, ul. Bema","Bema, Śródmieście, Kraków, małopolskie",2 176 000 zł,165 m²,"13 187,88 zł/m²",1,1.0,5,1930,garaż w bryle budynku,wtórny,"własność, księga wieczysta"
"https://krakow.nieruchomosci-online.pl/mieszkanie,z-aneksem-kuchennym/24537891.html","Mieszkanie, ul. Komuny Paryskiej","Komuny Paryskiej, Kliny, Kraków, małopolskie",1 499 000 zł,142 m²,"10 556,34 zł/m²",2,3.0,4,2023,garaż,pierwotny (zobacz inne nowe mieszkania w Krakowie),
"https://krakow.nieruchomosci-online.pl/mieszkanie,z-aneksem-kuchennym/24704821.html","Mieszkanie, ul. Lema","Lema, Grzegórzki, Kraków, małopolskie",1 233 800 zł,62 m²,19 900 zł/m²,6,7.0,3,2023,w garażu podziemnym,wtórny,
"https://krakow.nieruchomosci-online.pl/mieszkanie,z-kuchnia-z-oknem/24713571.html",Mieszkanie,"Królowej Jadwigi, Wola Justowska, Kraków, małopolskie",1 030 000 zł,64 m²,"16 093,75 zł/m²",1,1.0,4,1993,garaż,wtórny,
"https://krakow.nieruchomosci-online.pl/mieszkanie,z-aneksem-kuchennym/24618062.html","Mieszkanie, ul. Gajówka","Gajówka, Wola Justowska, Kraków, małopolskie",2 850 000 zł,"200,98 m²","14 180,52 zł/m²",1,1.0,6,2023,tak,pierwotny (zobacz inne nowe mieszkania w Krakowie),własność
"https://krakow.nieruchomosci-online.pl/mieszkanie,z-oddzielna-kuchnia/24730173.html","Mieszkanie, ul. Krowoderska","Krowoderska, Stare Miasto, Kraków, małopolskie",2 200 000 zł,"133,35 m²",16 497 zł/m²,3,3.0,4,1914,-,wtórny,własność
"https://krakow.nieruchomosci-online.pl/mieszkanie,na-sprzedaz/24663359.html","Mieszkanie, ul. Pana Tadeusza","Pana Tadeusza, Zabłocie, Kraków, małopolskie",740 160 zł,"38,55 m²",19 200 zł/m²,4,7.0,2,2024,parking publiczny / na ulicy,pierwotny (zobacz inne nowe mieszkania w Krakowie),własność
"https://krakow.nieruchomosci-online.pl/mieszkanie,z-aneksem-kuchennym/24237749.html","Mieszkanie, ul. Dietla","Dietla, Stare Miasto, Kraków, małopolskie",720 000 zł,"44,12 m²",16 319 zł/m²,1,3.0,2,1880,przynależne na ulicy,wtórny,"własność, księga wieczysta"
"https://krakow.nieruchomosci-online.pl/mieszkanie-w-bloku-mieszkalnym,deweloperski/24683554.html","Mieszkanie, ul. Myśliwska","Myśliwska, Płaszów, Kraków, małopolskie",933 696 zł,"74,05 m²","12 608,99 zł/m²",1,4.0,4,2023,-,wtórny,
"https://krakow.nieruchomosci-online.pl/mieszkanie,m3,z-aneksem-kuchennym/24773654.html",Mieszkanie,"Mozarta, Prądnik Biały, Kraków, małopolskie",1 090 000 zł,78 m²,"13 974,36 zł/m²",3,6.0,3,2008,tak,wtórny,własność
"https://krakow.nieruchomosci-online.pl/mieszkanie,m2,z-aneksem-kuchennym/24735527.html","Mieszkanie, ul. Białoprądnicka","Białoprądnicka, Prądnik Biały, Kraków, małopolskie",729 000 zł,"45,10 m²","16 164,08 zł/m²",5,5.0,2,2018,w garażu podziemnym,wtórny,własność
"https://krakow.nieruchomosci-online.pl/mieszkanie,m2,z-aneksem-kuchennym/24763010.html",Mieszkanie,"Pana Tadeusza, Zabłocie, Kraków, małopolskie",780 160 zł,"36,80 m²",21 200 zł/m²,7,7.0,2,2024,tak,pierwotny (zobacz inne nowe mieszkania w Krakowie),
"https://krakow.nieruchomosci-online.pl/mieszkanie,m5,z-aneksem-kuchennym/24760646.html","Mieszkanie, ul. Tetmajera","Dzielnica VI Bronowice, Kraków, małopolskie",1 121 530 zł,"102,05 m²",10 990 zł/m²,parter,3.0,5,2024,garaż,pierwotny (zobacz inne nowe mieszkania w Krakowie),
"https://krakow.nieruchomosci-online.pl/mieszkanie,m2,z-aneksem-kuchennym/24727405.html","Mieszkanie, ul. Strzelców","Strzelców, Prądnik Czerwony, Kraków, małopolskie",545 000 zł,33 m²,"16 515,15 zł/m²",2,4.0,2,-,parking publiczny / na ulicy,wtórny,
"https://krakow.nieruchomosci-online.pl/mieszkanie,m3,z-aneksem-kuchennym/24558473.html",Mieszkanie,"Królowej Jadwigi, Wola Justowska, Kraków, małopolskie",837 135 zł,"52,65 m²",15 900 zł/m²,parter,1.0,3,2025,przynależne na ulicy,pierwotny (zobacz inne nowe mieszkania w Krakowie),
"https://krakow.nieruchomosci-online.pl/mieszkanie,z-aneksem-kuchennym/24433329.html",Mieszkanie Kraków,"Bronowice Małe, Kraków, małopolskie",1 156 910 zł,"60,89 m²",19 000 zł/m²,2,2.0,3,2023,wiata garażowa,wtórny,"własność, księga wieczysta"
"https://krakow.nieruchomosci-online.pl/mieszkanie,m3,z-oddzielna-kuchnia/24635990.html","Mieszkanie, ul. Wysłouchów","Wysłouchów, Kurdwanów, Kraków, małopolskie",629 999 zł,52 m²,"12 115,37 zł/m²",11,11.0,3,1970,garaż,wtórny,
"https://krakow.nieruchomosci-online.pl/mieszkanie,z-oddzielna-kuchnia/24659553.html","Mieszkanie, ul. Makowskiego","Makowskiego, Prądnik Biały, Kraków, małopolskie",670 000 zł,49 m²,"13 673,47 zł/m²",1,4.0,3,1980,tak,wtórny,
"https://krakow.nieruchomosci-online.pl/mieszkanie-w-bloku-mieszkalnym,wysoki-standard/24664507.html","Mieszkanie, ul. Małysiaka","Małysiaka, Kliny Zacisze, Kraków, małopolskie",745 000 zł,52 m²,"14 326,92 zł/m²",3,4.0,2,2022,garaż,wtórny,własność
"https://krakow.nieruchomosci-online.pl/mieszkanie-w-bloku-mieszkalnym,wysoki-standard/24662005.html","Mieszkanie, ul. Lublańska","Lublańska, Olsza, Kraków, małopolskie",794 000 zł,"45,50 m²","17 450,55 zł/m²",parter,4.0,2,2023,w garażu podziemnym,wtórny,"własność, księga wieczysta"
"https://krakow.nieruchomosci-online.pl/mieszkanie,na-sprzedaz/24764243.html","Mieszkanie, ul. Bagrowa","Bagrowa, Płaszów, Kraków, małopolskie",889 000 zł,51 m²,"17 431,37 zł/m²",4,4.0,2,-,garaż wolnostojący,wtórny,
"https://krakow.nieruchomosci-online.pl/mieszkanie,m3,z-kuchnia-z-oknem/24729979.html","Mieszkanie, ul. Sempołowskiej","Sempołowskiej, Wola Duchacka, Kraków, małopolskie",868 000 zł,"59,75 m²","14 527,20 zł/m²",parter,3.0,3,1992,-,wtórny,
"https://krakow.nieruchomosci-online.pl/mieszkanie,na-sprzedaz/24666697.html","Mieszkanie, ul. Bosacka","Bosacka, Śródmieście, Kraków, małopolskie",900 000 zł,"58,60 m²","15 358,36 zł/m²",parter,3.0,2,1912,-,wtórny,
"https://krakow.nieruchomosci-online.pl/mieszkanie,m2,z-kuchnia-z-oknem/24249559.html","Mieszkanie, ul. Balicka","Balicka, Bronowice, Kraków, małopolskie",695 000 zł,"53,07 m²","13 095,91 zł/m²",1,2.0,2,1960,-,wtórny,własność
"https://krakow.nieruchomosci-online.pl/mieszkanie,z-aneksem-kuchennym/24621853.html","Mieszkanie, ul. Jana Sobieskiego","Jana Sobieskiego, Stare Miasto, Kraków, małopolskie",1 245 000 zł,76 m²,"16 381,58 zł/m²",3,4.0,2,1935,-,wtórny,
"https://krakow.nieruchomosci-online.pl/mieszkanie,na-sprzedaz/24618897.html","Mieszkanie, ul. Sławka","Sławka, Podgórze Duchackie, Kraków, małopolskie",1 029 449 zł,"68,82 m²","14 958,57 zł/m²",4,8.0,4,-,w garażu podziemnym,wtórny,
"https://krakow.nieruchomosci-online.pl/mieszkanie-w-apartamentowcu,deweloperski/24620025.html","Apartament, Aleja 29 Listopada","Aleja 29 Listopada, Śródmieście, Kraków, małopolskie",294 690 zł,"15,51 m²",19 000 zł/m²,parter,5.0,1,2023,w garażu podziemnym,wtórny,własność
"https://krakow.nieruchomosci-online.pl/mieszkanie,na-sprzedaz/24495557.html",Mieszkanie Kraków,"Czerwińskiego, Azory, Kraków, małopolskie",660 000 zł,38 m²,"17 368,42 zł/m²",parter,,2,-,-,wtórny,
"https://krakow.nieruchomosci-online.pl/mieszkanie-w-bloku-mieszkalnym,deweloperski/24610828.html",Mieszkanie Kraków,"Krowodrza, Kraków, małopolskie",1 070 000 zł,"64,68 m²","16 542,98 zł/m²",1,7.0,3,2023,w garażu podziemnym,pierwotny (zobacz inne nowe mieszkania w Krakowie),
"https://krakow.nieruchomosci-online.pl/mieszkanie,m4,z-aneksem-kuchennym/24489709.html","Apartament, ul. Przybyszewskiego","Przybyszewskiego, Krowodrza, Kraków, małopolskie",1 904 980 zł,"98,96 m²",19 250 zł/m²,2,3.0,4,2023,w garażu podziemnym,pierwotny (zobacz inne nowe mieszkania w Krakowie),
"https://krakow.nieruchomosci-online.pl/mieszkanie,na-sprzedaz/24335049.html","Apartament, ul. Celna","Celna, Stare Podgórze, Kraków, małopolskie",1 475 000 zł,"67,50 m²","21 851,85 zł/m²",4,5.0,2,2008,garaż wolnostojący,wtórny,
"https://krakow.nieruchomosci-online.pl/mieszkanie,z-aneksem-kuchennym/24716283.html","Mieszkanie, ul. Na Błonie","Na Błonie, Wola Justowska, Kraków, małopolskie",879 000 zł,42 m²,"20 928,57 zł/m²",1,3.0,2,2023,przynależne na ulicy,wtórny,
"https://krakow.nieruchomosci-online.pl/mieszkanie,m2,z-aneksem-kuchennym/24750205.html","Mieszkanie, ul. Pana Tadeusza","Pana Tadeusza, Zabłocie, Kraków, małopolskie",848 965 zł,"45,89 m²",18 500 zł/m²,7,7.0,2,2024,w garażu podziemnym,pierwotny (zobacz inne nowe mieszkania w Krakowie),
"https://krakow.nieruchomosci-online.pl/mieszkanie,m4,nad-rzeka/24769263.html","Mieszkanie, ul. Batalionu Skała AK","Batalionu Skała AK, Krowodrza, Kraków, małopolskie",880 000 zł,"57,70 m²","15 251,30 zł/m²",parter,10.0,4,1975,parking publiczny / na ulicy,wtórny,"własność, księga wieczysta"
"https://krakow.nieruchomosci-online.pl/mieszkanie,na-sprzedaz/24623495.html","Mieszkanie, ul. Nadwiślańska","Nadwiślańska, Podgórze, Kraków, małopolskie",1 190 000 zł,47 m²,"25 319,15 zł/m²",4,6.0,2,2015,tak,wtórny,
"https://krakow.nieruchomosci-online.pl/mieszkanie,z-aneksem-kuchennym/24654391.html",Mieszkanie,"Rakowicka, Rakowice, Kraków, małopolskie",1 399 000 zł,77 m²,"18 168,83 zł/m²",3,3.0,3,1891,-,wtórny,własność
"https://krakow.nieruchomosci-online.pl/mieszkanie,z-kuchnia-z-oknem/24725530.html","Mieszkanie, Plac Jana Matejki","Plac Jana Matejki, Stare Miasto, Kraków, małopolskie",2 000 000 zł,"81,63 m²","24 500,80 zł/m²",1,2.0,3,1881,-,wtórny,
"https://krakow.nieruchomosci-online.pl/mieszkanie,z-aneksem-kuchennym/24661402.html","Kawalerka, ul. Żywiecka","Żywiecka, Kraków, małopolskie",155 000 zł,"13,40 m²","11 567,16 zł/m²",parter,2.0,1,2024,parking publiczny / na ulicy,wtórny,
"https://krakow.nieruchomosci-online.pl/mieszkanie,z-kuchnia-z-oknem/24231898.html","Apartament, ul. Masarska","Masarska, Grzegórzki, Kraków, małopolskie",1 120 000 zł,44 m²,"25 454,55 zł/m²",4,5.0,2,2016,garaż wolnostojący,wtórny,
"https://krakow.nieruchomosci-online.pl/mieszkanie,na-sprzedaz/24493701.html","Mieszkanie, ul. Madalińskiego","Madalińskiego, Dębniki, Kraków, małopolskie",894 375 zł,"56,30 m²","15 885,88 zł/m²",parter,3.0,3,-,-,wtórny,
"https://krakow.nieruchomosci-online.pl/mieszkanie,z-aneksem-kuchennym/24635521.html","Mieszkanie, ul. Skotnicka","Skotnicka, Ruczaj, Kraków, małopolskie",565 000 zł,65 m²,"8 692,31 zł/m²",parter,1.0,2,1970,przynależne na ulicy,wtórny,
"https://krakow.nieruchomosci-online.pl/mieszkanie-w-apartamentowcu,deweloperski/24378408.html","Apartament, ul. Przybyszewskiego","Przybyszewskiego, Krowodrza, Kraków, małopolskie",1 642 213 zł,"83,10 m²","19 761,89 zł/m²",1,3.0,4,2023,w garażu podziemnym,pierwotny (zobacz inne nowe mieszkania w Krakowie),
"https://krakow.nieruchomosci-online.pl/mieszkanie,na-sprzedaz/24712424.html","Apartament, ul. Pana Tadeusza","Pana Tadeusza, Zabłocie, Kraków, małopolskie",799 900 zł,"39,62 m²","20 189,30 zł/m²",5,7.0,2,2024,garaż,pierwotny (zobacz inne nowe mieszkania w Krakowie),
"https://krakow.nieruchomosci-online.pl/mieszkanie,m2,z-aneksem-kuchennym/24657846.html",Apartament Kraków,"Grzegórzki, Kraków, małopolskie",830 000 zł,48 m²,"17 291,67 zł/m²",12,13.0,2,2023,tak,wtórny,własność
"https://krakow.nieruchomosci-online.pl/mieszkanie,z-aneksem-kuchennym/24552162.html","Apartament, ul. Augustynka-Wichury","Augustynka-Wichury, Łobzów, Kraków, małopolskie",499 000 zł,30 m²,16 633 zł/m²,parter,4.0,2,2023,w garażu podziemnym,wtórny,
"https://krakow.nieruchomosci-online.pl/mieszkanie,z-aneksem-kuchennym/24760720.html","Mieszkanie, ul. Tetmajera","Dzielnica VI Bronowice, Kraków, małopolskie",1 106 070 zł,"101,82 m²","10 862,99 zł/m²",1,3.0,6,2024,garaż,pierwotny (zobacz inne nowe mieszkania w Krakowie),
"https://krakow.nieruchomosci-online.pl/mieszkanie,z-aneksem-kuchennym/24350457.html","Apartament, ul. Pilotów","Pilotów, Prądnik Czerwony, Kraków, małopolskie",2 600 000 zł,128 m²,"20 312,50 zł/m²",5,5.0,4,2007,garaż w bryle budynku,wtórny,
"https://krakow.nieruchomosci-online.pl/mieszkanie,na-sprzedaz/24499111.html","Mieszkanie, ul. Wrocławska","Wrocławska, Krowodrza, Kraków, małopolskie",740 000 zł,52 m²,"14 230,77 zł/m²",4,10.0,2,1965,-,wtórny,
"https://krakow.nieruchomosci-online.pl/mieszkanie,m2,z-aneksem-kuchennym/24757949.html","Mieszkanie, ul. Bagrowa","Bagrowa, Płaszów, Kraków, małopolskie",719 000 zł,"37,56 m²","19 142,71 zł/m²",2,4.0,2,2024,w garażu podziemnym,wtórny,
"https://krakow.nieruchomosci-online.pl/mieszkanie,z-aneksem-kuchennym/24586239.html","Mieszkanie, ul. Bosacka","Bosacka, Stare Miasto, Kraków, małopolskie",1 200 000 zł,76 m²,"15 789,47 zł/m²",parter,4.0,2,1950,-,wtórny,
"https://krakow.nieruchomosci-online.pl/mieszkanie,m2,z-aneksem-kuchennym/24731083.html","Mieszkanie, ul. Banacha","Banacha, Kraków, małopolskie",615 000 zł,33 m²,"18 636,36 zł/m²",3,5.0,2,2023,tak,wtórny,własność
"https://krakow.nieruchomosci-online.pl/mieszkanie,z-aneksem-kuchennym/24555047.html","Apartament, ul. Augustynka-Wichury","Augustynka-Wichury, Kraków, małopolskie",510 000 zł,30 m²,17 000 zł/m²,parter,4.0,2,2023,w garażu podziemnym,wtórny,"własność, księga wieczysta"
"https://krakow.nieruchomosci-online.pl/mieszkanie,z-kuchnia-z-oknem/24520000.html","Mieszkanie, ul. Przybyszewskiego","Przybyszewskiego, Dzielnica VI Bronowice, Kraków, małopolskie",1 569 000 zł,"151,11 m²","10 383,16 zł/m²",1,2.0,5,2023,przynależne na ulicy,pierwotny (zobacz inne nowe mieszkania w Krakowie),
"https://krakow.nieruchomosci-online.pl/mieszkanie,z-kuchnia-z-oknem/24660675.html","Mieszkanie, ul. Czerwieńskiego","Czerwieńskiego, Krowodrza, Kraków, małopolskie",555 000 zł,"36,50 m²","15 205,48 zł/m²",1,5.0,2,2024,parking publiczny / na ulicy,pierwotny (zobacz inne nowe mieszkania w Krakowie),własność
"https://krakow.nieruchomosci-online.pl/mieszkanie,m2,z-kuchnia-z-oknem/24672647.html","Mieszkanie, ul. Praska","Praska, Kraków, małopolskie",599 000 zł,"35,75 m²","16 755,24 zł/m²",parter,2.0,2,1937,-,wtórny,własność
"https://krakow.nieruchomosci-online.pl/mieszkanie-w-bloku-mieszkalnym,do-remontu/24749300.html","Mieszkanie, ul. Witosa","Witosa, Kurdwanów, Kraków, małopolskie",495 000 zł,"35,30 m²","14 022,66 zł/m²",8,10.0,1,1980,parking publiczny / na ulicy,wtórny,
"https://krakow.nieruchomosci-online.pl/mieszkanie,na-sprzedaz/24688036.html","Mieszkanie, ul. Domagały","Domagały, Złocień, Kraków, małopolskie",765 000 zł,"53,61 m²","14 269,73 zł/m²",2,4.0,3,2023,przynależne na ulicy,wtórny,
"https://krakow.nieruchomosci-online.pl/mieszkanie-w-bloku-mieszkalnym,do-odswiezenia/24704832.html","Mieszkanie, ul. Wysłouchów","Wysłouchów, Podgórze Duchackie, Kraków, małopolskie",669 000 zł,66 m²,"10 136,36 zł/m²",4,4.0,3,1983,-,,
"https://krakow.nieruchomosci-online.pl/mieszkanie,z-kuchnia-z-oknem/24810671.html",Apartament,"Słomiana, Dębniki, Kraków, małopolskie",855 000 zł,"57,60 m²","14 843,75 zł/m²",5,10.0,3,1970,-,wtórny,
"https://krakow.nieruchomosci-online.pl/mieszkanie-w-bloku-mieszkalnym,wysoki-standard/24814974.html","Mieszkanie, Osiedle Jagiellońskie","Osiedle Jagiellońskie, Bieńczyce, Kraków, małopolskie",570 000 zł,"42,41 m²","13 440,23 zł/m²",3,4.0,2,1964,-,wtórny,własność
"https://krakow.nieruchomosci-online.pl/mieszkanie,m2,z-aneksem-kuchennym/24804937.html","Mieszkanie, ul. Bobrzyńskiego","Bobrzyńskiego, Europejskie, Kraków, małopolskie",725 000 zł,"46,28 m²","15 665,51 zł/m²",1,7.0,2,2007,tak,wtórny,własność
"https://krakow.nieruchomosci-online.pl/mieszkanie,z-aneksem-kuchennym/24591242.html","Kawalerka, ul. Sebastiana","Sebastiana, Stare Miasto, Kraków, małopolskie",584 000 zł,"19,54 m²","29 887,41 zł/m²",2,3.0,1,1896,parking publiczny / na ulicy,wtórny,własność
"https://krakow.nieruchomosci-online.pl/mieszkanie,z-aneksem-kuchennym/24800229.html","Kawalerka, ul. Felicjanek","Felicjanek, Nowy Świat, Kraków, małopolskie",556 000 zł,"20,60 m²","26 990,29 zł/m²",1,4.0,1,1940,parking publiczny / na ulicy,wtórny,
"https://krakow.nieruchomosci-online.pl/mieszkanie,m4,z-oddzielna-kuchnia/24795106.html",Mieszkanie,"Osiedle Złotego Wieku, Nowa Huta, Kraków, małopolskie",777 000 zł,56 m²,13 875 zł/m²,3,10.0,4,1970,garaż,wtórny,spółdzielcze własnościowe
"https://krakow.nieruchomosci-online.pl/mieszkanie,z-oddzielna-kuchnia/24648053.html",Mieszkanie,"Armii Krajowej, Krowodrza, Kraków, małopolskie",569 000 zł,"34,89 m²","16 308,40 zł/m²",parter,15.0,2,1965,przynależne na terenie ogrodzonym,wtórny,"spółdzielcze własnościowe, księga wieczysta"
"https://krakow.nieruchomosci-online.pl/mieszkanie,z-oddzielna-kuchnia/24834892.html","Mieszkanie, ul. Kurczaba","Kurczaba, Dzielnica XII Bieżanów-Prokocim, Kraków, małopolskie",529 000 zł,32 m²,"16 531,25 zł/m²",7,10.0,2,1980,-,wtórny,"spółdzielcze własnościowe, księga wieczysta"
"https://krakow.nieruchomosci-online.pl/mieszkanie-w-bloku-mieszkalnym,do-remontu/24834317.html","Mieszkanie, ul. Turka","Turka, Podgórze, Kraków, małopolskie",449 000 zł,"29,39 m²","15 277,31 zł/m²",1,3.0,1,1998,-,wtórny,
"https://krakow.nieruchomosci-online.pl/mieszkanie,na-sprzedaz/24834514.html","Apartament, ul. Grażyny","Grażyny, Prądnik Biały, Kraków, małopolskie",1 035 000 zł,"61,97 m²","16 701,63 zł/m²",parter,4.0,3,2013,garaż,wtórny,własność
"https://krakow.nieruchomosci-online.pl/mieszkanie,z-oddzielna-kuchnia/24831940.html","Mieszkanie, ul. Słomiana","Słomiana, Dębniki, Kraków, małopolskie",855 000 zł,"57,60 m²","14 843,75 zł/m²",5,10.0,3,1971,parking publiczny / na ulicy,wtórny,spółdzielcze własnościowe
"https://krakow.nieruchomosci-online.pl/mieszkanie,z-aneksem-kuchennym/24832739.html","Mieszkanie, ul. Magnolii","Magnolii, Ruczaj, Kraków, małopolskie",804 714 zł,"56,67 m²",14 200 zł/m²,1,2.0,3,2024,parking publiczny / na ulicy,pierwotny (zobacz inne nowe mieszkania w Krakowie),
"https://krakow.nieruchomosci-online.pl/mieszkanie-w-apartamentowcu,wysoki-standard/24832709.html","Apartament, ul. Bochenka","Bochenka, Wola Duchacka, Kraków, małopolskie",619 000 zł,"36,20 m²","17 099,45 zł/m²",9,10.0,2,2019,w garażu podziemnym,wtórny,
"https://krakow.nieruchomosci-online.pl/mieszkanie-w-bloku-mieszkalnym,do-remontu/24832766.html","Mieszkanie, ul. Spółdzielców","Spółdzielców, Podgórze Duchackie, Kraków, małopolskie",525 000 zł,"37,86 m²","13 866,88 zł/m²",3,10.0,2,1976,przynależne na ulicy,wtórny,spółdzielcze własnościowe
"https://krakow.nieruchomosci-online.pl/mieszkanie,na-sprzedaz/24832518.html","Mieszkanie, ul. Meiera","Meiera, Krowodrza, Kraków, małopolskie",895 000 zł,78 m²,"11 474,36 zł/m²",6,8.0,3,-,-,wtórny,
"https://krakow.nieruchomosci-online.pl/mieszkanie,kawalerka,z-aneksem-kuchennym/24832535.html","Kawalerka, ul. Bratysławska","Bratysławska, Krowodrza, Kraków, małopolskie",499 000 zł,"26,15 m²","19 082,22 zł/m²",12,16.0,1,-,-,,
"https://krakow.nieruchomosci-online.pl/mieszkanie,z-aneksem-kuchennym/24832542.html",Mieszkanie,"Armii Krajowej, Dzielnica VI Bronowice, Kraków, małopolskie",745 701 zł,"42,13 m²",17 700 zł/m²,1,2.0,2,2023,przynależne na terenie ogrodzonym,pierwotny (zobacz inne nowe mieszkania w Krakowie),"własność, księga wieczysta"
"https://krakow.nieruchomosci-online.pl/mieszkanie,na-sprzedaz/24831250.html","Mieszkanie, ul. Szwed-Śniadowskiej","Szwed-Śniadowskiej, Kliny, Kraków, małopolskie",949 000 zł,62 m²,"15 306,45 zł/m²",1,3.0,4,2017,parking publiczny / na ulicy,wtórny,
"https://krakow.nieruchomosci-online.pl/mieszkanie,z-oddzielna-kuchnia/24831991.html",Mieszkanie Kraków,"Dębniki, Kraków, małopolskie",855 000 zł,"57,60 m²","14 843,75 zł/m²",5,10.0,3,1972,-,wtórny,
"https://krakow.nieruchomosci-online.pl/mieszkanie-w-bloku-mieszkalnym,deweloperski/24831617.html",Mieszkanie Kraków,"Dzielnica XIII Podgórze, Kraków, małopolskie",1 080 700 zł,"53,50 m²",20 200 zł/m²,1,4.0,3,2024,w garażu podziemnym,pierwotny (zobacz inne nowe mieszkania w Krakowie),
"https://krakow.nieruchomosci-online.pl/mieszkanie,kawalerka,z-aneksem-kuchennym/24040661.html","Mieszkanie, ul. Rakowicka","Rakowicka, Rakowice, Kraków, małopolskie",555 000 zł,"33,02 m²",16 808 zł/m²,parter,2.0,1,1998,przynależne na ulicy,wtórny,
"https://krakow.nieruchomosci-online.pl/mieszkanie,na-sprzedaz/24665473.html","Mieszkanie, ul. Wawrzyńca","Wawrzyńca 5, Kazimierz, Kraków, małopolskie",714 000 zł,42 m²,17 000 zł/m²,2,4.0,2,1920,-,wtórny,"własność, księga wieczysta"
"https://krakow.nieruchomosci-online.pl/mieszkanie,na-sprzedaz/24759293.html","Mieszkanie, Osiedle Złotego Wieku","Osiedle Złotego Wieku, Mistrzejowice, Kraków, małopolskie",823 000 zł,52 m²,"15 826,92 zł/m²",3,4.0,3,1980,parking publiczny / na ulicy,wtórny,własność
"https://krakow.nieruchomosci-online.pl/mieszkanie,nad-rzeka/24665192.html",Mieszkanie,"Lwowska, Dzielnica XIII Podgórze, Kraków, małopolskie",464 000 zł,40 m²,11 350 zł/m²,parter,4.0,2,-,parking publiczny / na ulicy,wtórny,
"https://krakow.nieruchomosci-online.pl/mieszkanie,na-sprzedaz/24774362.html","Mieszkanie, ul. Klimeckiego","Klimeckiego, Zabłocie, Kraków, małopolskie",539 000 zł,"33,60 m²","16 041,67 zł/m²",2,5.0,1,-,w garażu podziemnym,wtórny,
"https://krakow.nieruchomosci-online.pl/mieszkanie,z-aneksem-kuchennym/24825264.html","Mieszkanie, ul. Magnolii","Magnolii, Ruczaj, Kraków, małopolskie",808 264 zł,"56,92 m²",14 200 zł/m²,1,2.0,3,2024,możliwość wykupienia,pierwotny (zobacz inne nowe mieszkania w Krakowie),
"https://krakow.nieruchomosci-online.pl/mieszkanie,z-kuchnia-z-oknem/24825515.html","Mieszkanie, ul. Supniewskiego","Supniewskiego, Oficerskie, Kraków, małopolskie",699 000 zł,"40,20 m²","17 388,06 zł/m²",parter,2.0,2,2000,-,wtórny,
"https://krakow.nieruchomosci-online.pl/mieszkanie,z-kuchnia-z-oknem/24824966.html","Mieszkanie, ul. Urbanistów","Urbanistów, Na Wzgórzach, Kraków, małopolskie",549 900 zł,40 m²,"13 747,50 zł/m²",3,3.0,2,1955,tak,wtórny,"własność, księga wieczysta"
"https://krakow.nieruchomosci-online.pl/mieszkanie,m5,z-kuchnia-z-oknem/24191739.html","Mieszkanie, ul. Odlewnicza","Odlewnicza, Dzielnica VI Bronowice, Kraków, małopolskie",1 599 000 zł,151 m²,"10 589,40 zł/m²",1,2.0,5,2023,przynależne na ulicy,pierwotny (zobacz inne nowe mieszkania w Krakowie),
"https://krakow.nieruchomosci-online.pl/mieszkanie-w-bloku-mieszkalnym,deweloperski/24816153.html","Mieszkanie, ul. Zabłocie","Zabłocie, Zabłocie, Kraków, małopolskie",1 321 673 zł,"67,09 m²",19 700 zł/m²,7,7.0,4,2024,w garażu podziemnym,pierwotny (zobacz inne nowe mieszkania w Krakowie),"własność, księga wieczysta"
"https://krakow.nieruchomosci-online.pl/mieszkanie-w-bloku-mieszkalnym,deweloperski/24797312.html",Mieszkanie Kraków,"Dzielnica XIII Podgórze, Kraków, małopolskie",830 736 zł,"38,46 m²",21 600 zł/m²,parter,4.0,2,2024,-,pierwotny (zobacz inne nowe mieszkania w Krakowie),
"https://krakow.nieruchomosci-online.pl/mieszkanie,z-kuchnia-z-oknem/24826654.html","Mieszkanie, ul. Pychowicka","Pychowicka, Pychowice, Kraków, małopolskie",849 000 zł,49 m²,"17 326,53 zł/m²",parter,3.0,2,2013,-,wtórny,własność
"https://krakow.nieruchomosci-online.pl/mieszkanie,z-aneksem-kuchennym/24826298.html","Kawalerka, ul. Fatimska","Fatimska, Kraków, małopolskie",450 000 zł,"24,50 m²","18 367,35 zł/m²",2,4.0,1,2000,parking publiczny / na ulicy,wtórny,własność
"https://krakow.nieruchomosci-online.pl/mieszkanie-w-bloku-mieszkalnym,nowe-wykonczone/24807894.html","Mieszkanie, ul. Piastowska","Piastowska, Krowodrza, Kraków, małopolskie",570 000 zł,34 m²,16 765 zł/m²,parter,15.0,2,1983,przynależne na terenie ogrodzonym,wtórny,spółdzielcze własnościowe
"https://krakow.nieruchomosci-online.pl/mieszkanie,kawalerka,z-kuchnia-z-oknem/24793550.html","Mieszkanie, ul. Rydla","Rydla, Bronowice Małe, Kraków, małopolskie",560 000 zł,35 m²,16 000 zł/m²,1,3.0,1,1960,tak,wtórny,
"https://krakow.nieruchomosci-online.pl/mieszkanie,z-aneksem-kuchennym/24755879.html","Apartament, ul. Conrada","Conrada, Prądnik Biały, Kraków, małopolskie",661 476 zł,"45,75 m²","14 458,49 zł/m²",1,5.0,2,2025,-,pierwotny (zobacz inne nowe mieszkania w Krakowie),
"https://krakow.nieruchomosci-online.pl/mieszkanie-w-apartamentowcu,wysoki-standard/24743824.html","Apartament, ul. Wrocławska","Wrocławska, Krowodrza, Kraków, małopolskie",849 000 zł,"45,93 m²","18 484,65 zł/m²",4,9.0,2,2018,garaż,wtórny,własność
"https://krakow.nieruchomosci-online.pl/mieszkanie-w-bloku-mieszkalnym,przy-lesie/24806440.html","Mieszkanie, Osiedle Piastów","Osiedle Piastów, Mistrzejowice, Kraków, małopolskie",877 500 zł,"64,70 m²","13 562,60 zł/m²",9,10.0,3,1977,parking strzeżony w pobliżu,wtórny,własność
"https://krakow.nieruchomosci-online.pl/mieszkanie-w-bloku-mieszkalnym,do-remontu/24809140.html",Mieszkanie,"Słomiana, Dębniki, Kraków, małopolskie",855 000 zł,"57,60 m²","14 843,75 zł/m²",5,10.0,3,1971,tak,wtórny,"własność, księga wieczysta"
"https://krakow.nieruchomosci-online.pl/mieszkanie-w-bloku-mieszkalnym,do-remontu/24726078.html",Mieszkanie,"Celarowska, Prądnik Czerwony, Kraków, małopolskie",495 000 zł,"36,54 m²","13 546,80 zł/m²",4,4.0,2,1965,-,wtórny,własność
"https://krakow.nieruchomosci-online.pl/mieszkanie,m2,z-aneksem-kuchennym/24742093.html","Mieszkanie, ul. Bochenka","Bochenka, Podgórze Duchackie, Kraków, małopolskie",599 000 zł,36 m²,"16 638,89 zł/m²",6,10.0,2,2011,w garażu podziemnym,wtórny,własność
"https://krakow.nieruchomosci-online.pl/mieszkanie,kawalerka,z-aneksem-kuchennym/24770535.html","Apartament, ul. Szlak","Szlak, Stare Miasto, Kraków, małopolskie",795 000 zł,29 m²,"27 413,79 zł/m²",2,7.0,1,2009,-,wtórny,własność
"https://krakow.nieruchomosci-online.pl/mieszkanie,z-aneksem-kuchennym/24795091.html","Apartament, ul. Małysiaka","Małysiaka, Dębniki, Kraków, małopolskie",860 000 zł,"67,50 m²","12 740,74 zł/m²",3,4.0,3,2020,tak,wtórny,
"https://krakow.nieruchomosci-online.pl/mieszkanie-w-bloku-mieszkalnym,deweloperski/24804648.html",Mieszkanie Kraków,"Dzielnica XIII Podgórze, Kraków, małopolskie",1 021 428 zł,"50,07 m²",20 400 zł/m²,parter,4.0,3,2024,w garażu podziemnym,pierwotny (zobacz inne nowe mieszkania w Krakowie),
"https://krakow.nieruchomosci-online.pl/mieszkanie,na-sprzedaz/24618896.html","Mieszkanie, ul. Sławka","Sławka, Podgórze Duchackie, Kraków, małopolskie",683 294 zł,"38,17 m²","17 901,34 zł/m²",8,8.0,2,-,w garażu podziemnym,wtórny,
"https://krakow.nieruchomosci-online.pl/mieszkanie,na-sprzedaz/24823065.html","Mieszkanie, ul. Dworska","Dworska, Dębniki, Kraków, małopolskie",1 200 339 zł,"54,81 m²",21 900 zł/m²,2,6.0,2,2017,-,wtórny,
"https://krakow.nieruchomosci-online.pl/mieszkanie,z-aneksem-kuchennym/24792777.html",Apartament,"Rejtana, Dzielnica XIII Podgórze, Kraków, małopolskie",850 000 zł,"30,45 m²","27 914,61 zł/m²",2,5.0,1,2011,-,wtórny,własność
"https://krakow.nieruchomosci-online.pl/mieszkanie,m2,z-kuchnia-z-oknem/24822014.html",Mieszkanie Kraków,"Grzegórzki, Kraków, małopolskie",710 000 zł,43 m²,"16 511,63 zł/m²",8,9.0,2,-,parking publiczny / na ulicy,wtórny,
"https://krakow.nieruchomosci-online.pl/mieszkanie,na-sprzedaz/24822267.html","Apartament, Aleja Pokoju","Aleja Pokoju, Czyżyny, Kraków, małopolskie",754 210 zł,"37,90 m²",19 900 zł/m²,1,5.0,2,2022,-,wtórny,
"https://krakow.nieruchomosci-online.pl/mieszkanie,z-oddzielna-kuchnia/24803239.html","Mieszkanie, ul. Siewna","Siewna, Prądnik Biały, Kraków, małopolskie",749 000 zł,52 m²,"14 403,85 zł/m²",4,4.0,2,1982,przynależne na terenie ogrodzonym,wtórny,"własność, księga wieczysta"
"https://krakow.nieruchomosci-online.pl/mieszkanie,z-kuchnia-z-oknem/24799871.html","Mieszkanie, Osiedle Tysiąclecia","Osiedle Tysiąclecia, Kraków, małopolskie",599 000 zł,38 m²,15 763 zł/m²,4,4.0,2,1980,-,wtórny,
"https://krakow.nieruchomosci-online.pl/mieszkanie-w-apartamentowcu,wysoki-standard/24695832.html","Apartament, ul. Rakowicka","Rakowicka, Stare Miasto, Kraków, małopolskie",1 224 000 zł,51 m²,24 000 zł/m²,4,4.0,2,2018,garaż,wtórny,własność
"https://krakow.nieruchomosci-online.pl/mieszkanie-w-bloku-mieszkalnym,deweloperski/24813325.html","Mieszkanie, ul. Zabłocie","Zabłocie, Zabłocie, Kraków, małopolskie",1 159 686 zł,"58,57 m²",19 800 zł/m²,3,7.0,3,2024,w garażu podziemnym,pierwotny (zobacz inne nowe mieszkania w Krakowie),"własność, księga wieczysta"
"https://krakow.nieruchomosci-online.pl/mieszkanie,m2,z-oddzielna-kuchnia/24814697.html","Mieszkanie, ul. Bulwarowa","Bulwarowa, Nowa Huta, Kraków, małopolskie",890 000 zł,"62,90 m²","14 149,44 zł/m²",2,3.0,2,2010,parking publiczny / na ulicy,wtórny,"własność, księga wieczysta"
"https://krakow.nieruchomosci-online.pl/mieszkanie,kawalerka,z-aneksem-kuchennym/24801110.html",Mieszkanie Kraków,"Nowa Huta, Kraków, małopolskie",550 000 zł,"28,60 m²","19 230,77 zł/m²",8,8.0,1,2018,-,wtórny,własność
"https://krakow.nieruchomosci-online.pl/mieszkanie,m2,z-oddzielna-kuchnia/24820674.html","Mieszkanie, Osiedle Na Stoku","Osiedle Na Stoku, Nowa Huta, Kraków, małopolskie",570 000 zł,"40,10 m²",14 214 zł/m²,parter,3.0,2,1960,tak,wtórny,własność
"https://krakow.nieruchomosci-online.pl/mieszkanie,z-oddzielna-kuchnia/24820824.html",Mieszkanie Kraków,"Mistrzejowice, Kraków, małopolskie",571 000 zł,"47,60 m²","11 995,80 zł/m²",parter,3.0,3,1975,tak,wtórny,spółdzielcze własnościowe
"https://krakow.nieruchomosci-online.pl/mieszkanie-w-bloku-mieszkalnym,deweloperski/24567291.html","Mieszkanie, ul. Kamieńskiego","Kamieńskiego, Wola Duchacka, Kraków, małopolskie",681 569 zł,"36,44 m²","18 703,87 zł/m²",7,8.0,2,2023,-,pierwotny (zobacz inne nowe mieszkania w Krakowie),
"https://krakow.nieruchomosci-online.pl/mieszkanie,m4,z-aneksem-kuchennym/24664017.html","Apartament, Aleja Ignacego Daszyńskiego","Aleja Ignacego Daszyńskiego, Grzegórzki, Kraków, małopolskie",2 200 000 zł,100 m²,22 000 zł/m²,1,5.0,4,2012,tak,wtórny,własność
"https://krakow.nieruchomosci-online.pl/mieszkanie,z-aneksem-kuchennym/24810450.html","Apartament, ul. Masarska","Masarska, Grzegórzki, Kraków, małopolskie",1 360 000 zł,"61,06 m²","22 273,17 zł/m²",1,5.0,3,2022,tak,wtórny,
"https://krakow.nieruchomosci-online.pl/mieszkanie-w-bloku-mieszkalnym,wysoki-standard/24819280.html","Mieszkanie, Osiedle 2 Pułku Lotniczego","Osiedle 2 Pułku Lotniczego, 2 Pułku Lotniczego, Kraków, małopolskie",849 999 zł,65 m²,"13 076,91 zł/m²",3,8.0,3,1980,parking publiczny / na ulicy,wtórny,własność
"https://krakow.nieruchomosci-online.pl/mieszkanie,nad-rzeka/24811702.html","Apartament, ul. Pana Tadeusza","Pana Tadeusza, Zabłocie, Kraków, małopolskie",499 000 zł,"26,52 m²","18 853,70 zł/m²",1,7.0,1,2024,garaż,wtórny,
"https://krakow.nieruchomosci-online.pl/mieszkanie,z-kuchnia-z-oknem/23821051.html","Mieszkanie, ul. Krowoderska","Krowoderska, Stare Miasto, Kraków, małopolskie",1 449 000 zł,"70,50 m²","20 553,19 zł/m²",3,4.0,3,-,parking publiczny / na ulicy,wtórny,własność
"https://krakow.nieruchomosci-online.pl/mieszkanie,z-aneksem-kuchennym/24818965.html",Mieszkanie Kraków,"Bonarka, Kraków, małopolskie",1 262 881 zł,"84,59 m²","14 929,44 zł/m²",parter,8.0,4,2023,w garażu podziemnym,wtórny,"własność, księga wieczysta"
"https://krakow.nieruchomosci-online.pl/mieszkanie-w-bloku-mieszkalnym,wysoki-standard/24766572.html","Mieszkanie, ul. Siewna","Siewna, Prądnik Biały, Kraków, małopolskie",750 000 zł,"42,97 m²","17 454,04 zł/m²",2,7.0,2,2022,garaż,wtórny,własność
"https://krakow.nieruchomosci-online.pl/mieszkanie-w-apartamentowcu,wysoki-standard/21629209.html","Apartament, ul. Lubicz","Lubicz, Stare Miasto, Kraków, małopolskie",1 250 000 zł,46 m²,27 174 zł/m²,2,3.0,2,2014,w garażu podziemnym,wtórny,własność
"https://krakow.nieruchomosci-online.pl/mieszkanie,z-aneksem-kuchennym/24605680.html","Mieszkanie, ul. Krygowskiego","Krygowskiego, Kliny, Kraków, małopolskie",765 000 zł,"51,50 m²","14 854,37 zł/m²",3,3.0,2,2016,tak,wtórny,własność
"https://krakow.nieruchomosci-online.pl/mieszkanie,m2,z-aneksem-kuchennym/24811594.html","Mieszkanie, ul. Wysłouchów","Wysłouchów, Bieżanów-Prokocim, Kraków, małopolskie",615 000 zł,40 m²,15 375 zł/m²,2,4.0,2,2001,tak,wtórny,własność
"https://krakow.nieruchomosci-online.pl/mieszkanie,na-sprzedaz/24730925.html","Mieszkanie, ul. Czyżewskiego","Czyżewskiego, Krowodrza, Kraków, małopolskie",550 000 zł,28 m²,"19 642,86 zł/m²",2,5.0,2,2019,parking publiczny / na ulicy,wtórny,własność
"https://krakow.nieruchomosci-online.pl/mieszkanie,z-aneksem-kuchennym/24212573.html","Mieszkanie, ul. Wiosenna","Wiosenna, Wola Justowska, Kraków, małopolskie",2 184 175 zł,"124,45 m²","17 550,62 zł/m²",parter,1.0,4,2023,parking publiczny / na ulicy,pierwotny (zobacz inne nowe mieszkania w Krakowie),
"https://krakow.nieruchomosci-online.pl/mieszkanie,m2,nad-jeziorem/24811753.html","Mieszkanie, Osiedle Szkolne","Osiedle Szkolne, Szkolne, Kraków, małopolskie",455 000 zł,30 m²,"15 166,67 zł/m²",parter,3.0,2,1962,-,wtórny,"własność, księga wieczysta"
"https://krakow.nieruchomosci-online.pl/mieszkanie,m3,z-aneksem-kuchennym/24800540.html","Mieszkanie, ul. Łepkowskiego","Łepkowskiego, Prądnik Czerwony, Kraków, małopolskie",1 034 072 zł,"63,44 m²",16 300 zł/m²,4,6.0,3,2026,w garażu podziemnym,pierwotny (zobacz inne nowe mieszkania w Krakowie),własność
"https://krakow.nieruchomosci-online.pl/mieszkanie-w-apartamentowcu,wysoki-standard/24779350.html","Apartament, ul. Kupa","Kupa, Kazimierz, Kraków, małopolskie",1 693 600 zł,58 m²,29 200 zł/m²,2,3.0,3,2014,-,wtórny,
"https://krakow.nieruchomosci-online.pl/mieszkanie,m2,z-kuchnia-z-oknem/24812139.html","Mieszkanie, ul. Szuwarowa","Szuwarowa, Ruczaj, Kraków, małopolskie",785 000 zł,"58,94 m²","13 318,63 zł/m²",1,4.0,2,2003,tak,wtórny,
"https://krakow.nieruchomosci-online.pl/mieszkanie,m2,z-aneksem-kuchennym/24812261.html","Apartament, ul. Sołtysowska","Sołtysowska, Czyżyny, Kraków, małopolskie",729 000 zł,"45,23 m²","16 117,62 zł/m²",2,5.0,2,2011,garaż,wtórny,własność
"https://krakow.nieruchomosci-online.pl/mieszkanie,z-kuchnia-z-oknem/24746463.html","Mieszkanie, ul. Kurczaba","Kurczaba, Kraków, małopolskie",660 000 zł,38 m²,"17 368,42 zł/m²",3,11.0,2,1980,przynależne na ulicy,wtórny,
"https://krakow.nieruchomosci-online.pl/mieszkanie,z-aneksem-kuchennym/24815888.html",Mieszkanie,"Armii Krajowej, Dzielnica VI Bronowice, Kraków, małopolskie",1 187 355 zł,"60,89 m²",19 500 zł/m²,2,2.0,3,2023,przynależne na terenie ogrodzonym,pierwotny (zobacz inne nowe mieszkania w Krakowie),"własność, księga wieczysta"
"https://krakow.nieruchomosci-online.pl/mieszkanie,z-aneksem-kuchennym/24800589.html","Apartament, ul. Na Błonie","Na Błonie, Wola Justowska, Kraków, małopolskie",2 016 300 zł,"103,40 m²",19 500 zł/m²,2,2.0,4,2023,przynależne na ulicy,pierwotny (zobacz inne nowe mieszkania w Krakowie),
"https://krakow.nieruchomosci-online.pl/mieszkanie,z-oddzielna-kuchnia/24337408.html","Mieszkanie, ul. Racławicka","Łobzów, Kraków, małopolskie",703 000 zł,38 m²,18 500 zł/m²,parter,9.0,2,1970,-,wtórny,"spółdzielcze własnościowe, księga wieczysta"
"https://krakow.nieruchomosci-online.pl/mieszkanie,m2,z-kuchnia-z-oknem/24798926.html","Mieszkanie, Osiedle Na Stoku","Osiedle Na Stoku, Nowa Huta, Kraków, małopolskie",560 000 zł,41 m²,"13 658,54 zł/m²",parter,4.0,2,1960,parking publiczny / na ulicy,wtórny,własność
"https://krakow.nieruchomosci-online.pl/mieszkanie-w-bloku-mieszkalnym,do-remontu/24706450.html","Mieszkanie, ul. Kotlarska","Kotlarska, Grzegórzki, Kraków, małopolskie",650 000 zł,40 m²,16 250 zł/m²,2,6.0,2,1960,tak,wtórny,"własność, księga wieczysta"
"https://krakow.nieruchomosci-online.pl/mieszkanie,na-sprzedaz/24787387.html",Mieszkanie,"Mały Płaszów, Dzielnica XIII Podgórze, Kraków, małopolskie",1 199 000 zł,67 m²,"17 895,52 zł/m²",1,4.0,3,-,garaż wolnostojący,wtórny,
